City_ID,City,Lat,Lng,Max Temp,Humidity,Cloudiness,Wind Speed,Country,Date
0,Naze,28.3667,129.4833,77.22,89,8,7.56,JP,2022-06-22 22:07:14
1,Hithadhoo,-0.6,73.0833,83.62,70,78,9.13,MV,2022-06-22 22:07:15
2,Albany,42.6001,-73.9662,65.88,80,96,1.99,US,2022-06-22 22:07:15
3,Hobart,-42.8794,147.3294,54.27,78,75,4.61,AU,2022-06-22 22:07:15
4,High Level,58.5169,-117.136,64.51,77,100,5.75,CA,2022-06-22 22:07:17
5,Takhtamygda,54.1,123.5667,59.13,97,100,3.09,RU,2022-06-22 22:07:17
6,Husavik,66.0449,-17.3389,39.52,81,100,18.12,IS,2022-06-22 22:07:18
7,Svetlogorsk,52.6333,29.7333,57.15,84,99,10.6,BY,2022-06-22 22:07:19
8,Fairbanks,64.8378,-147.7164,75.6,40,40,8.05,US,2022-06-22 22:03:34
9,Lompoc,34.6391,-120.4579,74.84,74,0,16.11,US,2022-06-22 22:07:20
10,Jamestown,42.097,-79.2353,83.01,53,0,20.71,US,2022-06-22 22:07:20
11,Barrow,71.2906,-156.7887,42.82,87,100,10.36,US,2022-06-22 22:07:21
12,Katsuura,35.1333,140.3,70.59,94,100,8.59,JP,2022-06-22 22:07:22
13,Podor,16.6527,-14.9587,96.85,34,17,9.15,MR,2022-06-22 22:07:23
14,Pevek,69.7008,170.3133,44.47,59,100,17.2,RU,2022-06-22 22:07:23
15,Ushuaia,-54.8,-68.3,37.06,87,75,27.63,AR,2022-06-22 22:07:23
16,Salalah,17.0151,54.0924,80.42,88,99,8.37,OM,2022-06-22 22:07:24
17,Bengkulu,-3.8004,102.2655,74.64,92,100,4.9,ID,2022-06-22 22:07:24
18,Belyy Yar,53.6039,91.3903,62.49,82,0,2.24,RU,2022-06-22 22:07:25
19,Provideniya,64.3833,-173.3,42.91,100,100,13.42,RU,2022-06-22 22:07:25
20,Tessalit,20.1986,1.0114,97.36,11,87,9.33,ML,2022-06-22 22:07:26
21,Saint-Pierre,-21.3393,55.4781,65.91,68,75,6.91,RE,2022-06-22 22:07:26
22,Saint-Philippe,-21.3585,55.7679,65.79,72,2,7.29,RE,2022-06-22 22:07:27
23,Ponta Do Sol,32.6667,-17.1,67.71,71,65,7.9,PT,2022-06-22 22:07:27
24,Snezhnogorsk,69.1933,33.2531,46.18,87,23,11.59,RU,2022-06-22 22:07:27
25,Rikitea,-23.1203,-134.9692,74.91,79,54,11.52,PF,2022-06-22 22:07:28
26,Abu Kamal,34.4506,40.9171,85.8,31,0,22.62,SY,2022-06-22 22:03:37
27,Atuona,-9.8,-139.0333,76.05,76,45,18.88,PF,2022-06-22 22:07:28
28,Bambous Virieux,-20.3428,57.7575,66.22,76,34,13.04,MU,2022-06-22 22:07:29
29,Deputatskiy,69.3,139.9,40.32,57,48,9.82,RU,2022-06-22 22:07:29
30,Mataura,-46.1927,168.8643,35.38,65,100,2.48,NZ,2022-06-22 22:07:29
31,Raudeberg,61.9875,5.1352,52.47,93,100,29.24,NO,2022-06-22 22:07:30
32,Vostok,46.4856,135.8833,57.76,93,100,3.65,RU,2022-06-22 22:07:30
33,Santa Rosa,14.3122,121.1114,75.18,93,100,4.54,PH,2022-06-22 22:07:30
34,Kieta,-6.2167,155.6333,81.03,79,95,2.46,PG,2022-06-22 22:07:31
35,Ixtapa,20.7,-105.2,86.23,79,75,11.5,MX,2022-06-22 22:07:31
36,Torbay,47.6666,-52.7314,67.87,79,25,11.52,CA,2022-06-22 22:05:36
37,Badiraguato,25.3667,-107.5167,96.71,27,8,7.2,MX,2022-06-22 22:07:31
38,Los Llanos De Aridane,28.6585,-17.9182,65.95,87,100,10.36,ES,2022-06-22 22:06:15
39,Praia,14.9215,-23.5087,76.87,88,44,7.85,CV,2022-06-22 22:07:32
40,Castro,-24.7911,-50.0119,60.82,88,1,6.04,BR,2022-06-22 22:07:32
41,Saint George,37.1041,-113.5841,93.63,12,0,5.01,US,2022-06-22 22:07:27
42,Polson,47.6936,-114.1632,82.22,34,27,13.0,US,2022-06-22 22:07:33
43,Kelc,49.4784,17.8153,61.09,59,100,4.7,CZ,2022-06-22 22:08:33
44,Paamiut,61.994,-49.6678,38.25,88,2,26.15,GL,2022-06-22 22:08:33
45,Goedereede,51.8175,3.9806,66.96,76,12,1.01,NL,2022-06-22 22:08:34
46,Kapaa,22.0752,-159.319,84.18,78,40,16.11,US,2022-06-22 22:08:34
47,Hofn,64.2539,-15.2082,48.54,58,27,15.39,IS,2022-06-22 22:08:34
48,Asau,46.4333,26.4,60.28,75,56,4.9,RO,2022-06-22 22:08:35
49,Osypenko,46.9136,36.8253,58.15,80,99,5.73,UA,2022-06-22 22:08:35
50,San Policarpo,12.1791,125.5072,81.05,79,100,5.28,PH,2022-06-22 22:08:35
51,Ankang,32.68,109.0172,76.5,96,100,1.79,CN,2022-06-22 22:08:36
52,Svay Rieng,11.0879,105.7993,79.18,87,100,5.03,KH,2022-06-22 22:08:36
53,Ancud,-41.8697,-73.8203,38.37,74,66,7.05,CL,2022-06-22 22:08:36
54,Aklavik,68.2191,-135.0107,73.11,36,100,3.8,CA,2022-06-22 22:08:37
55,Lahij,13.1667,44.5833,90.05,41,86,3.0,YE,2022-06-22 22:08:37
56,Puri,19.8,85.85,79.32,79,74,9.1,IN,2022-06-22 22:08:38
57,Caravelas,-17.7125,-39.2481,71.33,88,1,4.54,BR,2022-06-22 22:08:38
58,Moose Factory,51.2585,-80.6094,58.44,58,100,5.5,CA,2022-06-22 22:08:38
59,Aswan,24.0934,32.907,83.37,26,1,12.75,EG,2022-06-22 22:08:39
60,Punta Arenas,-53.15,-70.9167,37.51,70,75,13.8,CL,2022-06-22 22:08:39
61,Hilo,19.7297,-155.09,80.26,81,20,18.41,US,2022-06-22 22:08:11
62,Moranbah,-22.0016,148.0466,55.6,70,0,9.66,AU,2022-06-22 22:08:39
63,Te Anau,-45.4167,167.7167,35.6,78,71,0.92,NZ,2022-06-22 22:08:40
64,Port Alfred,-33.5906,26.891,63.09,85,80,13.0,ZA,2022-06-22 22:08:40
65,Chokurdakh,70.6333,147.9167,40.96,55,73,14.65,RU,2022-06-22 22:08:40
66,Vaini,-21.2,-175.2,77.16,61,20,11.5,TO,2022-06-22 22:08:41
67,Havelock,34.8791,-76.9013,85.98,78,94,5.99,US,2022-06-22 22:08:41
68,Esperance,-33.8667,121.9,57.02,86,27,11.86,AU,2022-06-22 22:08:41
69,Lebu,-37.6167,-73.65,48.09,92,100,8.37,CL,2022-06-22 22:08:42
70,Bluff,-46.6,168.3333,39.47,68,100,8.1,NZ,2022-06-22 22:08:42
71,Sitka,57.0531,-135.33,53.49,82,100,0.0,US,2022-06-22 22:08:42
72,Uyuni,-20.4597,-66.825,41.13,16,2,18.63,BO,2022-06-22 22:08:43
73,Kruisfontein,-34.0033,24.7314,57.88,61,99,5.91,ZA,2022-06-22 22:08:43
74,Bredasdorp,-34.5322,20.0403,60.12,70,99,6.38,ZA,2022-06-22 22:08:43
75,Kiranur,10.5699,78.7868,79.11,73,100,5.46,IN,2022-06-22 22:08:44
76,Casablanca,33.5928,-7.6192,71.33,60,0,5.99,MA,2022-06-22 22:07:06
77,Narsaq,60.9167,-46.05,57.42,48,0,2.08,GL,2022-06-22 22:08:44
78,Cheney,47.4874,-117.5758,81.14,40,40,17.27,US,2022-06-22 22:08:44
79,Saint-Augustin,51.226,-58.6502,55.6,73,95,16.44,CA,2022-06-22 22:08:45
80,Flinders,-34.5833,150.8552,54.37,78,50,4.0,AU,2022-06-22 22:08:45
81,Bauta,22.9828,-82.5464,85.98,65,75,16.11,CU,2022-06-22 22:08:45
82,San Carlos De Bariloche,-41.1456,-71.3082,31.75,86,75,5.75,AR,2022-06-22 22:06:43
83,Sumbe,-11.2061,13.8437,67.21,87,25,5.66,AO,2022-06-22 22:08:46
84,Busselton,-33.65,115.3333,59.72,87,97,7.81,AU,2022-06-22 22:04:07
85,Avarua,-21.2078,-159.775,80.65,83,75,17.27,CK,2022-06-22 22:08:46
86,Geraldton,-28.7667,114.6,52.21,93,4,12.66,AU,2022-06-22 22:08:47
87,Ribeira Grande,38.5167,-28.7,65.21,84,77,18.43,PT,2022-06-22 22:09:47
88,Sao Filipe,14.8961,-24.4956,76.24,88,44,4.85,CV,2022-06-22 22:09:47
89,Strezhevoy,60.7333,77.5889,54.32,95,70,4.65,RU,2022-06-22 22:09:48
90,Puerto El Triunfo,13.2833,-88.55,81.59,74,100,4.5,SV,2022-06-22 22:09:48
91,Port Blair,11.6667,92.75,81.77,79,100,8.86,IN,2022-06-22 22:09:48
92,Iqaluit,63.7506,-68.5145,41.7,70,73,8.99,CA,2022-06-22 22:09:49
93,Culfa,38.9558,45.6308,67.87,51,88,3.89,AZ,2022-06-22 22:09:49
94,El Alto,-4.2714,-81.2147,64.06,71,18,23.31,PE,2022-06-22 22:09:49
95,Morant Bay,17.8815,-76.4093,81.72,77,51,8.46,JM,2022-06-22 22:06:37
96,Horsham,51.064,-0.3272,65.91,70,0,8.05,GB,2022-06-22 22:07:55
97,Tual,-5.6667,132.75,81.52,80,91,20.49,ID,2022-06-22 22:09:50
98,Aracati,-4.5617,-37.7697,75.43,83,100,7.49,BR,2022-06-22 22:09:50
99,Hendek,40.7994,30.7481,63.34,70,0,5.01,TR,2022-06-22 22:09:51
100,Chuy,-33.6971,-53.4616,50.4,63,92,10.76,UY,2022-06-22 22:09:51
101,Georgetown,5.4112,100.3354,78.89,91,40,4.61,MY,2022-06-22 22:05:50
102,Usinsk,65.9939,57.5281,49.08,83,100,14.47,RU,2022-06-22 22:09:51
103,Deder,9.3167,41.45,55.87,82,83,7.36,ET,2022-06-22 22:09:52
104,Tuktoyaktuk,69.4541,-133.0374,48.27,59,100,6.24,CA,2022-06-22 22:09:52
105,Yellowknife,62.456,-114.3525,68.56,28,4,11.99,CA,2022-06-22 22:09:52
106,Mahebourg,-20.4081,57.7,66.25,75,36,13.2,MU,2022-06-22 22:09:53
107,Alofi,-19.0595,-169.9187,78.69,78,75,10.36,NU,2022-06-22 22:09:53
108,Baraki Barak,33.9675,68.9486,52.95,71,47,3.36,AF,2022-06-22 22:09:53
109,Victoria,22.2855,114.1577,84.38,86,24,5.99,HK,2022-06-22 22:08:54
110,Krasnoselkup,65.7,82.4667,67.03,55,48,10.54,RU,2022-06-22 22:07:40
111,Kaeo,-35.1,173.7833,53.33,93,7,4.7,NZ,2022-06-22 22:09:54
112,Berlevag,70.8578,29.0864,42.75,87,75,5.75,NO,2022-06-22 22:09:54
113,Hambantota,6.1241,81.1185,77.34,100,40,4.61,LK,2022-06-22 22:06:11
114,Fort Nelson,58.8053,-122.7002,54.99,94,100,6.91,CA,2022-06-22 22:09:55
115,Mehamn,71.0357,27.8492,42.71,93,20,8.05,NO,2022-06-22 22:09:55
116,Malanje,-9.5402,16.341,69.4,57,89,2.93,AO,2022-06-22 22:09:55
117,Severo-Kurilsk,50.6789,156.125,46.67,90,82,16.93,RU,2022-06-22 22:08:58
118,Simplicio Mendes,-7.8539,-41.9103,77.25,42,19,5.68,BR,2022-06-22 22:09:56
119,Tasiilaq,65.6145,-37.6368,39.36,76,6,5.41,GL,2022-06-22 22:09:56
120,Makokou,0.5738,12.8642,69.62,96,98,1.52,GA,2022-06-22 22:09:56
121,Kasulu,-4.5767,30.1025,62.37,57,3,2.95,TZ,2022-06-22 22:09:57
122,Grand-Lahou,5.1367,-5.0242,76.6,86,87,7.47,CI,2022-06-22 22:09:57
123,Butaritari,3.0707,172.7902,81.34,77,98,11.43,KI,2022-06-22 22:09:57
124,Hradek,49.7132,13.653,67.53,98,98,1.99,CZ,2022-06-22 22:09:58
125,Pisco,-13.7,-76.2167,61.02,82,100,10.36,PE,2022-06-22 22:05:09
126,Mier,26.4333,-99.15,101.21,22,0,19.6,MX,2022-06-22 22:09:58
127,Kodiak,57.79,-152.4072,63.91,55,0,6.91,US,2022-06-22 22:09:58
128,Clyde River,70.4692,-68.5914,36.46,88,69,8.86,CA,2022-06-22 22:09:59
129,Poya,-21.35,165.15,69.76,63,99,2.24,NC,2022-06-22 22:09:59
130,Buraydah,26.326,43.975,87.94,16,26,10.54,SA,2022-06-22 22:09:59
131,Madimba,-10.4,40.3333,71.33,78,0,11.25,TZ,2022-06-22 22:10:00
132,Richards Bay,-28.783,32.0377,65.86,71,100,7.07,ZA,2022-06-22 22:10:00
133,Cherskiy,68.75,161.3,61.61,41,100,20.76,RU,2022-06-22 22:11:00
134,Leningradskiy,69.3833,178.4167,47.66,58,58,10.09,RU,2022-06-22 22:11:01
135,Port Lincoln,-34.7333,135.8667,55.83,66,100,16.73,AU,2022-06-22 22:11:01
136,Yertsevo,60.7966,40.086,43.77,93,0,2.75,RU,2022-06-22 22:11:02
137,Constitucion,-35.3333,-72.4167,52.27,85,100,9.26,CL,2022-06-22 22:11:02
138,Sault Sainte Marie,46.5168,-84.3333,64.96,59,0,13.8,CA,2022-06-22 22:09:09
139,Morondava,-20.2833,44.2833,68.63,74,0,5.08,MG,2022-06-22 22:11:03
140,Katherine,-14.4667,132.2667,59.32,82,29,8.05,AU,2022-06-22 22:11:03
141,Hobyo,5.3505,48.5268,77.59,82,100,25.48,SO,2022-06-22 22:06:22
142,Hermanus,-34.4187,19.2345,56.8,83,98,8.23,ZA,2022-06-22 22:11:04
143,Waipawa,-41.4122,175.5153,43.18,79,22,4.12,NZ,2022-06-22 22:11:05
144,Tuatapere,-46.1333,167.6833,39.25,70,96,4.38,NZ,2022-06-22 22:11:05
145,Mar Del Plata,-38.0023,-57.5575,45.09,58,40,6.91,AR,2022-06-22 22:11:06
146,Cape Town,-33.9258,18.4232,60.12,92,90,1.5,ZA,2022-06-22 22:06:54
147,Tateyama,34.9833,139.8667,73.09,89,98,5.88,JP,2022-06-22 22:11:06
148,Santiago Del Estero,-27.7951,-64.2615,51.87,54,86,6.4,AR,2022-06-22 22:11:07
149,Tumarbong,10.3766,119.4579,79.25,80,62,2.77,PH,2022-06-22 22:11:07
150,Itoman,26.1247,127.6694,83.17,91,20,9.22,JP,2022-06-22 22:11:07
151,Khanpur,28.6453,70.6567,85.33,44,0,13.78,PK,2022-06-22 22:11:08
152,Nikolskoye,59.7035,30.7861,53.49,67,50,1.1,RU,2022-06-22 22:11:08
153,Qaanaaq,77.484,-69.3632,39.58,60,11,1.95,GL,2022-06-22 22:11:09
154,Bilibino,68.0546,166.4372,61.48,36,97,17.0,RU,2022-06-22 22:11:09
155,Buala,-8.145,159.5921,82.42,77,19,6.6,SB,2022-06-22 22:11:10
156,Mayumba,-3.432,10.6554,69.15,89,14,5.53,GA,2022-06-22 22:11:10
157,East London,-33.0153,27.9116,64.24,81,81,15.84,ZA,2022-06-22 22:11:11
158,Aykhal,66.0,111.5,72.01,38,86,5.06,RU,2022-06-22 22:11:11
159,Vestmannaeyjar,63.4427,-20.2734,47.59,72,100,8.34,IS,2022-06-22 22:11:12
160,Upernavik,72.7868,-56.1549,33.84,87,100,10.58,GL,2022-06-22 22:11:12
161,Valdivia,-39.8142,-73.2459,42.89,83,100,2.86,CL,2022-06-22 22:11:13
162,Bambanglipuro,-7.95,110.2833,74.37,86,67,4.14,ID,2022-06-22 22:11:13
163,Sao Felix Do Xingu,-6.6447,-51.995,79.29,61,95,2.37,BR,2022-06-22 22:11:14
164,Vardo,70.3705,31.1107,42.78,100,100,6.91,NO,2022-06-22 22:11:14
165,Tyukhtet,56.5389,89.3011,58.32,95,73,3.85,RU,2022-06-22 22:11:15
166,Sibi,29.5448,67.8764,87.62,39,60,5.66,PK,2022-06-22 22:11:15
167,Ningxiang,37.34,111.2052,64.38,91,11,1.41,CN,2022-06-22 22:11:16
168,Longyearbyen,78.2186,15.6401,44.44,65,75,16.11,SJ,2022-06-22 22:11:16
169,Nome,64.5011,-165.4064,44.67,93,100,13.8,US,2022-06-22 22:11:17
170,Quixeramobim,-5.1992,-39.2928,72.09,83,100,3.51,BR,2022-06-22 22:11:17
171,Noyabrsk,63.1994,75.4507,60.13,90,95,5.14,RU,2022-06-22 22:11:17
172,Arraial Do Cabo,-22.9661,-42.0278,71.46,88,0,8.05,BR,2022-06-22 22:11:18
173,Khatanga,71.9667,102.5,50.9,51,91,14.85,RU,2022-06-22 22:11:18
174,Aksarka,66.5606,67.7975,60.58,88,11,8.72,RU,2022-06-22 22:11:19
175,Bandundu,-3.3167,17.3667,75.49,77,60,1.83,CD,2022-06-22 22:11:20
176,Thompson,55.7435,-97.8558,77.4,25,62,15.52,CA,2022-06-22 22:11:20
177,Codrington,-38.2667,141.9667,51.76,92,100,15.55,AU,2022-06-22 22:11:22
178,New Norfolk,-42.7826,147.0587,53.92,82,100,3.78,AU,2022-06-22 22:11:22
179,Kattivakkam,13.2167,80.3167,84.29,85,100,13.4,IN,2022-06-22 22:11:24
180,Carnarvon,-24.8667,113.6333,67.06,80,5,12.8,AU,2022-06-22 22:12:24
181,Turbat,26.0023,63.044,83.46,71,77,8.19,PK,2022-06-22 22:12:25
182,Grand Island,40.925,-98.342,87.39,35,49,4.0,US,2022-06-22 22:12:25
183,Sabang,5.8933,95.3214,81.0,79,95,16.2,ID,2022-06-22 22:12:26
184,Poum,-20.2333,164.0167,72.55,62,100,6.24,NC,2022-06-22 22:12:26
185,Sidi Ali,36.0998,0.4206,66.61,83,98,4.41,DZ,2022-06-22 22:12:27
186,Henties Bay,-22.116,14.2845,55.36,84,0,9.89,NA,2022-06-22 22:12:27
187,Lamu,-2.2717,40.902,75.42,76,46,20.38,KE,2022-06-22 22:12:28
188,Basco,20.4487,121.9702,85.41,75,19,13.24,PH,2022-06-22 22:12:28
189,Eenhana,-17.4667,16.3333,51.73,29,0,5.77,NA,2022-06-22 22:12:30
190,Grand Baie,-20.0182,57.5802,66.45,75,7,4.0,MU,2022-06-22 22:12:31
191,Suraabad,40.8192,49.4687,76.42,66,0,21.43,AZ,2022-06-22 22:12:31
192,Cidreira,-30.1811,-50.2056,61.7,96,98,8.37,BR,2022-06-22 22:12:31
193,Trat,12.5,102.5,80.91,94,100,1.63,TH,2022-06-22 22:12:32
194,Niono,14.2526,-5.993,81.1,63,100,9.73,ML,2022-06-22 22:12:32
195,Ahipara,-35.1667,173.1667,53.91,63,24,5.32,NZ,2022-06-22 22:12:32
196,Pacific Grove,36.6177,-121.9166,88.34,58,0,14.0,US,2022-06-22 22:12:33
197,Hasaki,35.7333,140.8333,72.0,93,100,8.79,JP,2022-06-22 22:12:33
198,Ayorou,14.7308,0.9174,95.56,33,38,10.89,NE,2022-06-22 22:12:33
199,Ulundi,-28.3352,31.4162,56.32,94,87,3.8,ZA,2022-06-22 22:12:34
200,Lodja,-3.4833,23.4333,76.91,46,90,1.36,CD,2022-06-22 22:12:34
201,Zhigansk,66.7697,123.3711,53.28,64,4,10.25,RU,2022-06-22 22:12:34
202,Yumen,40.2833,97.2,70.81,32,2,8.79,CN,2022-06-22 22:12:35
203,Hualmay,-11.0964,-77.6139,64.63,73,6,11.59,PE,2022-06-22 22:12:35
204,Rocha,-34.4833,-54.3333,46.71,82,97,9.89,UY,2022-06-22 22:12:35
205,Shinyanga,-3.6667,33.4333,69.19,40,7,5.21,TZ,2022-06-22 22:12:36
206,Manggar,-2.8833,108.2667,77.43,93,100,7.7,ID,2022-06-22 22:12:36
207,Inhambane,-23.865,35.3833,67.77,70,90,9.62,MZ,2022-06-22 22:12:36
208,Nola,40.922,14.5329,79.93,63,55,1.45,IT,2022-06-22 22:12:37
209,Andenes,69.3143,16.1194,48.18,81,75,10.36,NO,2022-06-22 22:12:37
210,Koumra,8.9126,17.5539,78.71,66,66,1.61,TD,2022-06-22 22:12:37
211,Dikson,73.5069,80.5464,38.55,87,100,14.94,RU,2022-06-22 22:12:37
212,Chor,25.5167,69.7667,90.77,41,2,6.24,PK,2022-06-22 22:12:38
213,Vallenar,-28.5708,-70.7581,55.56,57,81,5.57,CL,2022-06-22 22:12:38
214,San Patricio,28.017,-97.5169,96.19,39,4,15.12,US,2022-06-22 22:12:39
215,Vila Velha,-20.3297,-40.2925,73.35,89,0,8.05,BR,2022-06-22 22:07:50
216,Alice Springs,-23.7,133.8833,36.95,93,0,0.0,AU,2022-06-22 22:12:39
217,Qaqortoq,60.7167,-46.0333,47.01,57,0,4.23,GL,2022-06-22 22:12:39
218,Eucaliptus,-17.5833,-67.5167,47.98,38,27,6.2,BO,2022-06-22 22:12:40
219,Faanui,-16.4833,-151.75,80.62,64,9,12.28,PF,2022-06-22 22:12:40
220,Batemans Bay,-35.7167,150.1833,46.09,78,69,4.21,AU,2022-06-22 22:12:40
221,San Jose De Guanipa,8.8872,-64.1651,83.66,59,96,6.55,VE,2022-06-22 22:12:41
222,Tura,25.5198,90.2201,73.06,98,76,4.74,IN,2022-06-22 22:12:41
223,Norman Wells,65.282,-126.8329,74.73,25,34,7.43,CA,2022-06-22 22:12:41
224,Isangel,-19.55,169.2667,75.31,78,75,6.91,VU,2022-06-22 22:07:47
225,Ivanava,52.1451,25.5365,52.9,90,11,6.71,BY,2022-06-22 22:13:42
226,Sola,-13.8833,167.55,80.04,79,99,17.45,VU,2022-06-22 22:13:42
227,Denpasar,-8.65,115.2167,82.06,83,40,13.8,ID,2022-06-22 22:13:42
228,Lalsk,60.7415,47.5862,51.49,98,100,4.92,RU,2022-06-22 22:13:43
229,Redlands,34.0556,-117.1825,98.37,30,7,1.01,US,2022-06-22 22:13:43
230,Mareeba,-17.0,145.4333,65.44,83,35,3.6,AU,2022-06-22 22:13:43
231,Riyadh,24.6877,46.7219,96.94,10,17,2.39,SA,2022-06-22 22:13:44
232,Tarko-Sale,64.9225,77.785,67.24,67,48,12.77,RU,2022-06-22 22:13:44
233,Wana,32.2989,69.5725,64.62,70,18,1.95,PK,2022-06-22 22:13:44
234,Buritis,-15.6178,-46.4233,71.49,42,16,3.62,BR,2022-06-22 22:13:45
235,Paraiso,9.8383,-83.8656,67.42,86,93,2.66,CR,2022-06-22 22:13:45
236,Talara,-4.5772,-81.2719,66.96,77,40,16.11,PE,2022-06-22 22:13:45
237,Maniitsoq,65.4167,-52.9,38.17,89,92,7.2,GL,2022-06-22 22:13:46
238,Baykit,61.67,96.37,60.96,60,96,2.01,RU,2022-06-22 22:13:46
239,Londoko,49.0333,131.9833,63.54,98,100,2.68,RU,2022-06-22 22:13:46
240,Saint-Joseph,-21.3667,55.6167,64.78,69,10,4.76,RE,2022-06-22 22:13:47
241,Tautira,-17.7333,-149.15,79.0,76,10,12.28,PF,2022-06-22 22:09:03
242,San Vicente,-26.6167,-54.1333,64.15,91,5,4.63,AR,2022-06-22 22:13:47
243,Port Hardy,50.6996,-127.4199,54.12,73,39,16.22,CA,2022-06-22 22:13:47
244,Hami,42.8,93.45,82.92,12,1,4.32,CN,2022-06-22 22:13:48
245,Villagran,20.5167,-100.9833,72.91,33,92,19.84,MX,2022-06-22 22:13:48
246,Ugoofaaru,5.6667,73.0,82.67,76,100,10.09,MV,2022-06-22 22:13:48
247,Tiksi,71.6872,128.8694,43.88,53,17,19.91,RU,2022-06-22 22:13:49
248,Locri,38.2414,16.2623,82.31,36,53,11.81,IT,2022-06-22 22:13:49
249,Puerto Ayora,-0.7393,-90.3518,78.76,92,62,8.01,EC,2022-06-22 22:13:49
250,Coracao De Jesus,-16.6853,-44.365,68.04,40,33,3.89,BR,2022-06-22 22:13:50
251,Preobrazheniye,42.9019,133.9064,56.59,99,100,11.03,RU,2022-06-22 22:13:50
252,Bethel,41.3712,-73.414,63.03,91,100,8.05,US,2022-06-22 22:13:50
253,Biaora,23.8667,76.9167,83.25,64,44,3.89,IN,2022-06-22 22:13:51
254,College,64.8569,-147.8028,75.58,40,75,8.05,US,2022-06-22 22:13:51
255,Kununurra,-15.7667,128.7333,73.38,33,0,16.11,AU,2022-06-22 22:13:51
256,Apatity,67.5641,33.4031,47.17,90,72,6.69,RU,2022-06-22 22:13:52
257,Korla,41.7597,86.1469,81.66,18,21,7.67,CN,2022-06-22 22:13:52
258,Burhanpur,21.3,76.2333,80.46,72,98,4.81,IN,2022-06-22 22:09:11
259,Comodoro Rivadavia,-45.8667,-67.5,30.06,74,0,5.75,AR,2022-06-22 22:10:29
260,Nabire,-3.3667,135.4833,75.38,91,99,2.77,ID,2022-06-22 22:13:53
261,Akyab,20.15,92.9,79.38,85,83,5.41,MM,2022-06-22 22:13:53
262,Goderich,43.7501,-81.7165,67.91,84,62,12.48,CA,2022-06-22 22:13:53
263,Old Shinyanga,-3.55,33.4,68.81,41,7,4.41,TZ,2022-06-22 22:13:54
264,Jalu,29.0331,21.5482,80.69,46,0,12.8,LY,2022-06-22 22:13:54
265,Srednekolymsk,67.45,153.6833,50.77,89,100,16.2,RU,2022-06-22 22:13:54
266,Airai,-8.9266,125.4092,55.44,87,80,3.38,TL,2022-06-22 22:13:55
267,Manavalakurichi,8.1333,77.3,79.07,79,100,12.28,IN,2022-06-22 22:13:55
268,Port Elizabeth,-33.918,25.5701,60.1,93,87,1.99,ZA,2022-06-22 22:10:45
269,Hauge,58.3436,6.2812,54.7,95,100,5.53,NO,2022-06-22 22:13:56
270,Saskylakh,71.9167,114.0833,49.59,42,35,10.69,RU,2022-06-22 22:13:56
271,Vilhena,-12.7406,-60.1458,71.55,58,100,2.59,BR,2022-06-22 22:13:56
272,Merced,37.1666,-120.7516,102.54,24,90,13.85,US,2022-06-22 22:13:48
273,Mackay,-21.15,149.2,59.68,75,14,12.08,AU,2022-06-22 22:14:57
274,Tongliao,43.6125,122.2653,68.61,84,82,6.62,CN,2022-06-22 22:14:57
275,Cabo San Lucas,22.8909,-109.9124,96.62,40,0,11.5,MX,2022-06-22 22:10:44
276,Awash,8.9833,40.1667,74.98,56,99,6.87,ET,2022-06-22 22:14:57
277,Fort Saint James,54.4333,-124.25,54.25,47,100,8.34,CA,2022-06-22 22:14:58
278,Nuuk,64.1835,-51.7216,41.88,87,75,8.05,GL,2022-06-22 22:14:58
279,Vysokogornyy,50.1167,139.15,59.94,88,96,3.13,RU,2022-06-22 22:14:58
280,Tiznit,29.5833,-9.5,61.92,65,6,3.44,MA,2022-06-22 22:14:59
281,Viransehir,37.2353,39.7631,76.05,35,0,8.3,TR,2022-06-22 22:14:59
282,Souillac,-20.5167,57.5167,68.38,83,40,8.05,MU,2022-06-22 22:14:59
283,Savannah Bight,16.45,-85.85,80.94,78,100,15.01,HN,2022-06-22 22:15:00
284,Bilma,18.6853,12.9164,93.13,14,2,2.26,NE,2022-06-22 22:15:00
285,Opuwo,-18.0607,13.84,49.84,15,0,2.95,NA,2022-06-22 22:15:00
286,Huilong,31.8111,121.655,79.45,78,7,11.45,CN,2022-06-22 22:15:01
287,Keti Bandar,24.1447,67.4497,84.92,77,0,12.24,PK,2022-06-22 22:15:01
288,Januaria,-15.4833,-44.3667,72.81,40,1,3.06,BR,2022-06-22 22:15:02
289,Kaitangata,-46.2817,169.8464,36.1,64,80,3.6,NZ,2022-06-22 22:15:02
290,Portland,45.5234,-122.6762,81.86,57,20,11.5,US,2022-06-22 22:15:03
291,Conceicao Da Barra,-18.5933,-39.7322,70.48,88,2,5.12,BR,2022-06-22 22:15:03
292,Kuhdasht,33.535,47.6061,67.14,31,0,5.75,IR,2022-06-22 22:15:04
293,Antofagasta,-23.65,-70.4,60.08,71,76,1.57,CL,2022-06-22 22:15:04
294,Havoysund,70.9963,24.6622,43.03,81,53,8.75,NO,2022-06-22 22:15:05
295,Tokur,53.1333,132.9,54.63,96,100,2.04,RU,2022-06-22 22:15:06
296,Palmerston,-12.486,130.9833,71.58,68,0,6.91,AU,2022-06-22 22:10:07
297,Port Macquarie,-31.4333,152.9167,44.89,65,1,4.12,AU,2022-06-22 22:15:06
298,Lavrentiya,65.5833,-171.0,42.66,93,100,8.1,RU,2022-06-22 22:15:07
299,Awjilah,29.1081,21.2869,79.81,52,0,13.15,LY,2022-06-22 22:15:08
300,Shelabolikha,53.4131,82.6167,62.78,90,1,5.64,RU,2022-06-22 22:15:08
301,Pangody,65.85,74.4859,66.11,71,4,8.01,RU,2022-06-22 22:15:08
302,La Ronge,55.1001,-105.2842,56.91,75,93,4.21,CA,2022-06-22 22:14:18
303,Ampanihy,-24.7,44.75,58.86,71,11,12.35,MG,2022-06-22 22:15:09
304,Bongandanga,1.5,21.05,69.28,98,100,2.57,CD,2022-06-22 22:15:11
305,Baruun-Urt,46.6806,113.2792,59.13,71,13,6.96,MN,2022-06-22 22:15:12
306,Mogadishu,2.0371,45.3438,77.81,76,65,18.41,SO,2022-06-22 22:15:12
307,Kabo,7.6994,18.629,74.43,77,60,3.71,CF,2022-06-22 22:15:13
308,Adrar,20.5022,-10.0711,92.08,28,1,13.67,MR,2022-06-22 22:15:13
309,Sapele,5.8941,5.6767,72.81,98,99,3.74,NG,2022-06-22 22:15:14
310,Hay River,60.8156,-115.7999,57.18,50,55,14.99,CA,2022-06-22 22:14:13
311,Narasaraopet,16.25,80.0667,85.57,67,91,3.94,IN,2022-06-22 22:15:14
312,Berlin,52.5244,13.4105,68.99,62,0,10.36,DE,2022-06-22 22:13:16
313,Vikulovo,56.8167,70.6107,56.19,95,97,15.64,RU,2022-06-22 22:15:15
314,Bom Jesus,-9.0744,-44.3586,77.86,37,18,5.26,BR,2022-06-22 22:15:15
315,Natchitoches,31.7668,-93.1335,98.58,36,0,3.44,US,2022-06-22 22:15:16
316,Buchanan,5.8808,-10.0467,76.96,87,100,7.54,LR,2022-06-22 22:15:16
317,Calvinia,-31.4707,19.776,52.81,80,100,4.21,ZA,2022-06-22 22:16:17
318,Pio Ix,-6.8375,-40.5792,76.08,60,97,8.32,BR,2022-06-22 22:16:17
319,Sangar,63.9242,127.4739,67.86,57,3,12.24,RU,2022-06-22 22:16:18
320,Roma,43.2128,-75.4557,74.73,74,75,14.97,US,2022-06-22 22:14:18
321,Eyl,7.9803,49.8164,77.43,78,96,25.86,SO,2022-06-22 22:16:18
322,Dunedin,-45.8742,170.5036,42.8,70,61,3.0,NZ,2022-06-22 22:13:34
323,Matagami,49.7502,-77.6328,62.71,77,100,14.97,CA,2022-06-22 22:16:19
324,Madang,-5.2246,145.7966,77.11,90,99,3.78,PG,2022-06-22 22:16:19
325,Tabuk,17.4189,121.4443,73.69,88,100,2.91,PH,2022-06-22 22:16:20
326,Novosergiyevka,52.0934,53.6528,70.05,60,89,10.56,RU,2022-06-22 22:16:21
327,Nanortalik,60.1432,-45.2371,42.13,74,2,19.17,GL,2022-06-22 22:16:21
328,Namibe,-15.1961,12.1522,61.63,71,0,3.0,AO,2022-06-22 22:16:21
329,Xining,36.6167,101.7667,56.19,78,10,2.26,CN,2022-06-22 22:16:22
330,Lewiston,44.1003,-70.2148,65.32,73,0,12.66,US,2022-06-22 22:15:53
331,Shache,38.4167,77.2406,67.71,38,100,12.28,CN,2022-06-22 22:16:22
332,Daliang,22.8504,113.247,83.05,84,39,5.08,CN,2022-06-22 22:16:23
333,Athabasca,54.7169,-113.2854,68.41,56,98,4.7,CA,2022-06-22 22:16:23
334,Kahului,20.8947,-156.47,84.22,64,40,21.85,US,2022-06-22 22:16:23
335,Port-Gentil,-0.7193,8.7815,71.56,88,20,10.36,GA,2022-06-22 22:16:24
336,Rawson,-43.3002,-65.1023,38.53,46,1,5.75,AR,2022-06-22 22:16:24
337,Egvekinot,66.3167,-179.1667,39.72,86,98,3.94,RU,2022-06-22 22:16:25
338,Borovoy,55.4333,86.0833,58.28,94,40,8.95,RU,2022-06-22 22:16:25
339,Tutoia,-2.7619,-42.2744,77.22,80,12,7.9,BR,2022-06-22 22:16:26
340,Sobolevo,54.4299,31.8996,53.22,91,30,9.89,RU,2022-06-22 22:16:32
341,Sar-E Pul,35.8333,66.1667,63.21,30,0,6.98,AF,2022-06-22 22:16:32
342,Kurlovo,55.4325,40.4854,52.99,84,25,7.67,RU,2022-06-22 22:16:32
343,Fredericton,45.9454,-66.6656,65.37,61,7,7.0,CA,2022-06-22 22:13:51
344,Ciparay,-7.4249,108.4742,73.22,98,100,2.19,ID,2022-06-22 22:16:33
345,Brainerd,46.358,-94.2008,82.65,39,0,6.91,US,2022-06-22 22:16:33
346,Kiama,-34.6833,150.8667,54.57,76,58,7.0,AU,2022-06-22 22:14:18
347,Kendari,-3.945,122.4989,73.17,97,100,0.43,ID,2022-06-22 22:16:34
348,Whitianga,-36.8333,175.7,53.82,71,15,5.66,NZ,2022-06-22 22:16:34
349,Moree,-29.4667,149.85,48.33,63,0,3.31,AU,2022-06-22 22:16:34
350,Tak,16.5833,98.8333,69.78,88,100,1.83,TH,2022-06-22 22:16:35
351,Muisne,0.6,-80.0333,74.88,87,100,14.25,EC,2022-06-22 22:16:35
352,Shu,43.5983,73.7614,67.24,85,94,6.87,KZ,2022-06-22 22:16:35
353,Guerrero Negro,27.9769,-114.0611,80.35,44,0,17.07,MX,2022-06-22 22:16:36
354,Angola,-12.5,18.5,57.85,58,4,2.57,AO,2022-06-22 22:12:32
355,Dingle,10.9995,122.6711,76.93,88,99,4.05,PH,2022-06-22 22:16:36
356,Ulaangom,49.9811,92.0667,63.01,57,8,0.13,MN,2022-06-22 22:16:36
357,Prata,-19.3072,-48.9242,71.2,34,37,5.08,BR,2022-06-22 22:16:37
358,Kamenka,51.3223,42.7678,60.85,95,94,6.17,RU,2022-06-22 22:16:37
359,Linqing,36.8456,115.7117,79.52,80,35,6.96,CN,2022-06-22 22:16:37
360,Broken Hill,-31.95,141.4333,50.63,74,86,9.24,AU,2022-06-22 22:16:38
361,Sokoni,-6.4333,39.55,77.95,72,13,19.62,TZ,2022-06-22 22:16:38
362,Hamilton,39.1834,-84.5333,81.39,97,75,10.36,US,2022-06-22 22:13:13
363,Simbahan,6.3032,120.5836,82.69,73,47,7.52,PH,2022-06-22 22:16:38
364,Trinidad,-14.8333,-64.9,85.98,62,20,5.75,BO,2022-06-22 22:17:39
365,Titay,7.8125,122.5344,74.53,91,91,1.12,PH,2022-06-22 22:17:39
366,Moron,-34.6534,-58.6198,47.89,65,100,8.84,AR,2022-06-22 22:17:39
367,Canon City,38.441,-105.2424,80.76,26,0,3.0,US,2022-06-22 22:16:42
368,Bathsheba,13.2167,-59.5167,83.01,74,40,11.5,BB,2022-06-22 22:17:40
369,Ialibu,-6.2821,143.9935,58.35,86,42,1.19,PG,2022-06-22 22:17:40
370,Kimbe,-5.5502,150.1429,78.94,83,54,3.06,PG,2022-06-22 22:17:41
371,Hadrut,39.52,47.0318,67.96,69,97,5.61,AZ,2022-06-22 22:17:41
372,Jining,35.405,116.5814,81.0,1,100,6.02,CN,2022-06-22 22:17:41
373,Mormugao,15.4,73.8,77.23,84,100,2.71,IN,2022-06-22 22:17:42
374,Pokhara,28.2333,83.9833,70.63,85,28,4.45,NP,2022-06-22 22:17:42
375,Bud,39.447,-86.1758,91.42,38,25,12.44,US,2022-06-22 22:17:42
376,Portmore,17.9702,-76.8672,84.16,74,20,10.36,JM,2022-06-22 22:17:42
377,Ngorongoro,-3.2397,35.4875,46.17,90,68,5.48,TZ,2022-06-22 22:17:43
378,Puerto Rondon,6.2805,-71.1,82.09,77,23,4.59,CO,2022-06-22 22:17:43
379,Mirpur Mathelo,28.0227,69.5489,86.43,42,0,15.48,PK,2022-06-22 22:17:44
380,Odweyne,9.4092,45.064,73.6,54,88,16.8,SO,2022-06-22 22:17:44
381,Hovd,48.0056,91.6419,65.7,38,0,4.56,MN,2022-06-22 22:17:44
382,Mingaora,34.7758,72.3625,64.92,46,75,6.33,PK,2022-06-22 22:17:45
383,Marawi,7.9986,124.2928,69.06,93,100,2.98,PH,2022-06-22 22:17:45
384,Lagoa,39.05,-27.9833,64.4,84,100,15.12,PT,2022-06-22 22:17:45
385,Cabedelo,-6.9811,-34.8339,72.27,85,100,6.69,BR,2022-06-22 22:17:46
386,Trzcianka,53.0406,16.4563,58.21,70,5,6.73,PL,2022-06-22 22:17:46
387,Rameshki,57.3439,36.0453,49.12,91,0,4.59,RU,2022-06-22 22:17:46
388,Ponta Delgada,37.7333,-25.6667,65.5,82,40,27.63,PT,2022-06-22 22:17:47
389,Voh,-20.9667,164.7,70.07,66,100,3.38,NC,2022-06-22 22:17:47
390,Lafia,8.4833,8.5167,77.88,75,66,4.23,NG,2022-06-22 22:17:47
391,Maine-Soroa,13.2114,12.0241,89.69,37,30,6.22,NE,2022-06-22 22:17:48
392,Luwuk,-0.9516,122.7875,76.51,89,100,4.09,ID,2022-06-22 22:17:48
393,Great Falls,47.5002,-111.3008,83.59,22,0,16.11,US,2022-06-22 22:17:48
394,Oakham,52.6667,-0.7333,67.69,70,52,8.05,GB,2022-06-22 22:17:49
395,San Cristobal,7.7669,-72.225,82.58,56,14,5.86,VE,2022-06-22 22:17:49
396,Bontang,0.1333,117.5,75.54,92,100,3.15,ID,2022-06-22 22:17:49
397,Karla,59.3723,24.9275,55.98,71,0,2.3,EE,2022-06-22 22:17:50
398,Olinda,-8.0089,-34.8553,69.53,94,75,5.75,BR,2022-06-22 22:17:26
399,Oyek,52.5861,104.4556,50.38,78,72,2.71,RU,2022-06-22 22:17:50
400,Nyurba,63.2842,118.3319,66.42,56,35,4.07,RU,2022-06-22 22:17:50
401,Thunder Bay,48.4001,-89.3168,75.18,35,40,16.11,CA,2022-06-22 22:15:56
402,Sur,22.5667,59.5289,85.26,71,5,19.35,OM,2022-06-22 22:17:51
403,Fortuna,40.5982,-124.1573,71.85,69,0,3.0,US,2022-06-22 22:17:51
404,Kerema,-7.9631,145.7785,77.99,85,24,3.56,PG,2022-06-22 22:17:51
405,Wanning,18.8003,110.3967,80.49,91,99,8.01,CN,2022-06-22 22:17:52
406,Avera,33.194,-82.5271,103.55,14,4,7.72,US,2022-06-22 22:17:52
407,Samarai,-10.6167,150.6667,80.11,82,98,14.47,PG,2022-06-22 22:17:52
408,Marondera,-18.1853,31.5519,42.6,89,0,4.34,ZW,2022-06-22 22:17:53
409,Lenger,42.183,69.8839,72.84,72,100,5.01,KZ,2022-06-22 22:17:53
410,Doka,13.5167,35.7667,70.84,90,83,16.08,SD,2022-06-22 22:17:53
411,San Luis De Gaceno,4.8205,-73.1685,78.67,89,52,2.06,CO,2022-06-22 22:17:54
412,Cayenne,4.9333,-52.3333,82.09,1,0,2.3,GF,2022-06-22 22:14:23
413,Kautokeino,69.0125,23.0412,44.46,81,97,15.9,NO,2022-06-22 22:18:54
414,Surat Thani,9.1667,99.25,75.18,100,20,0.0,TH,2022-06-22 22:18:54
415,Touros,-5.1989,-35.4608,75.24,89,100,8.23,BR,2022-06-22 22:18:55
416,Sirajganj,24.45,89.7167,81.45,83,98,7.96,BD,2022-06-22 22:18:55
417,Rampur,28.8167,79.0333,87.24,40,1,5.97,IN,2022-06-22 22:18:55
418,Coruripe,-10.1256,-36.1756,74.21,91,97,7.78,BR,2022-06-22 22:18:56
419,Yaan,7.3833,8.5667,73.69,91,67,8.9,NG,2022-06-22 22:18:56
420,Petropavlovsk-Kamchatskiy,53.0452,158.6483,55.99,77,0,2.24,RU,2022-06-22 22:18:56
421,Mikuni,36.2171,136.1519,76.91,79,43,4.79,JP,2022-06-22 22:18:57
422,Beloha,-25.1667,45.05,61.16,63,54,11.74,MG,2022-06-22 22:18:57
423,Bonavista,48.6499,-53.1147,53.91,82,52,3.09,CA,2022-06-22 22:18:57
424,Sroda Wielkopolska,52.2284,17.2762,63.9,58,2,2.21,PL,2022-06-22 22:18:58
425,Agadez,19.75,10.25,90.48,14,1,2.53,NE,2022-06-22 22:18:58
426,Nortelandia,-14.4547,-56.8028,77.05,36,81,3.8,BR,2022-06-22 22:18:58
427,Fiumicino,41.7675,12.2291,78.01,68,0,6.91,IT,2022-06-22 22:18:59
428,Salinopolis,-0.6136,-47.3561,77.25,86,97,8.28,BR,2022-06-22 22:18:59
429,Ati,13.2154,18.3353,95.29,28,56,3.29,TD,2022-06-22 22:18:59
430,Doembang Nangbuat,14.8333,100.1,81.05,82,97,4.9,TH,2022-06-22 22:19:00
431,Laguna,38.421,-121.4238,102.43,21,0,12.66,US,2022-06-22 22:14:04
432,Haines Junction,60.7522,-137.5108,58.95,72,100,6.91,CA,2022-06-22 22:19:00
433,Rio Gallegos,-51.6226,-69.2181,35.65,80,0,23.02,AR,2022-06-22 22:19:00
434,Tulum,20.2167,-87.4667,82.18,74,41,7.54,MX,2022-06-22 22:19:01
435,Tawau,4.2498,117.8871,75.33,88,100,4.12,MY,2022-06-22 22:19:01
436,Guangyuan,32.442,105.823,68.5,92,98,5.91,CN,2022-06-22 22:19:02
437,Talnakh,69.4865,88.3972,72.21,41,97,4.41,RU,2022-06-22 22:19:02
438,Annaka,36.3167,138.9,74.7,89,100,1.7,JP,2022-06-22 22:19:02
439,Nouadhibou,20.931,-17.0347,73.38,73,9,13.8,MR,2022-06-22 22:19:03
440,Montepuez,-13.1256,38.9997,62.31,70,74,3.87,MZ,2022-06-22 22:19:03
441,Sindor,62.8629,51.8905,50.86,91,100,5.08,RU,2022-06-22 22:19:04
442,Saldanha,-33.0117,17.9442,59.68,91,78,5.26,ZA,2022-06-22 22:19:04
443,Coquimbo,-29.9533,-71.3436,60.53,67,20,23.02,CL,2022-06-22 22:19:05
444,Pantai Remis,4.4557,100.6288,77.02,85,100,3.47,MY,2022-06-22 22:19:05
445,Obo,5.3998,26.4869,68.74,88,54,4.32,CF,2022-06-22 22:19:06
446,Turkmenabat,39.0733,63.5786,78.78,38,0,4.61,TM,2022-06-22 22:19:06
447,Manhattan,40.7834,-73.9662,65.34,90,100,11.5,US,2022-06-22 22:16:06
448,Sistranda,63.7256,8.834,53.56,88,100,26.6,NO,2022-06-22 22:19:07
449,Pombal,-6.7703,-37.8017,72.7,85,100,5.46,BR,2022-06-22 22:19:07
450,Ambilobe,-13.2,49.05,65.8,82,46,5.23,MG,2022-06-22 22:19:08
451,Songea,-10.6833,35.65,54.19,74,20,2.35,TZ,2022-06-22 22:19:08
452,Ilulissat,69.2167,-51.1,37.42,75,75,3.44,GL,2022-06-22 22:19:09
453,Broome,42.2506,-75.833,72.37,78,100,13.8,US,2022-06-22 22:19:09
454,Batouri,4.4333,14.3667,67.89,94,45,1.72,CM,2022-06-22 22:19:10
455,Sakakah,29.9697,40.2064,80.17,35,0,12.64,SA,2022-06-22 22:19:10
456,Ust-Kulom,61.6864,53.6902,50.43,98,100,3.67,RU,2022-06-22 22:20:11
457,Uvira,-3.4067,29.1458,71.26,70,19,0.74,CD,2022-06-22 22:20:11
458,Rajura,19.7833,79.3667,79.79,85,81,0.89,IN,2022-06-22 22:20:12
459,Kushima,31.4583,131.2333,77.38,94,38,5.68,JP,2022-06-22 22:20:12
460,Cacapava Do Sul,-30.5122,-53.4914,50.92,98,100,11.16,BR,2022-06-22 22:20:14
461,Shingu,33.7333,135.9833,76.39,82,0,1.81,JP,2022-06-22 22:20:15
462,Pskov,57.8136,28.3496,49.91,100,0,2.24,RU,2022-06-22 22:20:15
463,Klaksvik,62.2266,-6.589,50.92,86,87,23.78,FO,2022-06-22 22:20:16
464,Banfora,10.6333,-4.7667,77.04,77,97,0.85,BF,2022-06-22 22:20:16
465,Suluq,31.6682,20.2521,75.94,67,0,10.04,LY,2022-06-22 22:20:17
466,Ketou,7.3633,2.5998,71.19,98,100,4.68,BJ,2022-06-22 22:20:17
467,Zwedru,6.0667,-8.1281,71.64,99,97,2.82,LR,2022-06-22 22:20:17
468,Rognan,67.0953,15.3878,50.88,75,100,9.73,NO,2022-06-22 22:20:18
469,Khani,41.9563,42.9566,54.97,96,68,2.64,GE,2022-06-22 22:20:18
470,Kastamonu,41.5,33.6667,48.9,91,1,3.22,TR,2022-06-22 22:20:19
471,Grand-Santi,4.25,-54.3833,74.23,95,100,2.44,GF,2022-06-22 22:20:19
472,Sao Joao Da Barra,-21.6403,-41.0511,71.76,90,1,13.06,BR,2022-06-22 22:20:19
473,Bushenyi,-0.5853,30.2114,59.47,78,72,0.74,UG,2022-06-22 22:20:20
474,Bejar,40.3864,-5.7634,54.57,81,67,4.32,ES,2022-06-22 22:20:21
475,Bowen,-20.0167,148.2333,61.83,74,31,10.83,AU,2022-06-22 22:20:21
476,Arlit,18.7369,7.3853,96.01,17,62,4.79,NE,2022-06-22 22:20:21
477,Voi,-3.3945,38.563,68.38,80,90,11.03,KE,2022-06-22 22:20:22
478,Bograd,54.2344,90.8328,62.01,87,69,4.41,RU,2022-06-22 22:20:22
479,Ostuni,40.7276,17.5764,81.25,52,48,5.97,IT,2022-06-22 22:20:23
480,Malanville,11.8685,3.3899,81.12,68,67,14.94,BJ,2022-06-22 22:20:23
481,Garowe,8.4054,48.4845,77.0,61,81,24.74,SO,2022-06-22 22:20:23
482,Saint-Francois,46.4154,3.9054,65.64,88,100,4.61,FR,2022-06-22 22:20:24
483,Walvis Bay,-22.9575,14.5053,55.09,76,0,2.3,NA,2022-06-22 22:20:25
484,Praia Da Vitoria,38.7333,-27.0667,65.75,88,75,15.7,PT,2022-06-22 22:16:04
485,Marabba,12.35,32.1833,90.19,37,51,9.26,SD,2022-06-22 22:20:25
486,Ojinaga,29.5667,-104.4167,98.56,30,40,11.5,MX,2022-06-22 22:20:26
487,Port-Cartier,50.0334,-66.8654,56.75,89,98,6.02,CA,2022-06-22 22:20:26
488,Kayerkan,69.3497,87.7602,71.53,49,68,4.74,RU,2022-06-22 22:20:27
489,Naranjal,-2.6667,-79.6167,77.22,82,92,3.11,EC,2022-06-22 22:20:27
490,Samfya,-11.3649,29.5565,56.57,70,0,7.61,ZM,2022-06-22 22:19:10
491,Dubbo,-32.25,148.6167,37.53,87,100,0.0,AU,2022-06-22 22:20:28
492,San Matias,-16.3667,-58.4,79.84,43,12,5.75,BO,2022-06-22 22:20:28
493,Mizdah,31.4451,12.9801,76.14,32,0,11.95,LY,2022-06-22 22:20:28
494,Pontes E Lacerda,-15.2261,-59.3353,76.6,47,41,2.77,BR,2022-06-22 22:17:31
495,Rantepao,-2.9701,119.8978,65.35,96,63,1.54,ID,2022-06-22 22:20:29
496,General Roca,-39.0333,-67.5833,41.63,57,100,9.62,AR,2022-06-22 22:20:29
497,Kuching,1.55,110.3333,75.42,94,20,5.99,MY,2022-06-22 22:20:29
498,Leh,34.1667,77.5833,52.54,52,61,3.76,IN,2022-06-22 22:20:30
499,Bukama,-9.2,25.85,65.88,48,2,2.35,CD,2022-06-22 22:20:30
500,Kumba,4.6363,9.4469,71.65,97,87,1.01,CM,2022-06-22 22:20:30
501,Santa Fe,-31.6333,-60.7,50.0,73,100,1.99,AR,2022-06-22 22:17:12
502,Filadelfia,39.9523,-75.1638,69.06,86,100,9.22,US,2022-06-22 22:20:20
503,Ondjiva,-17.0667,15.7333,50.77,29,0,2.24,AO,2022-06-22 22:21:32
504,Zhenjiang,32.2092,119.4342,81.81,78,79,1.99,CN,2022-06-22 22:21:32
505,Kurilsk,45.2333,147.8833,49.5,88,75,4.7,RU,2022-06-22 22:21:32
506,Kintampo,8.0563,-1.7306,70.88,95,92,4.63,GH,2022-06-22 22:21:33
507,Buzmeyin,38.0507,58.2056,76.73,27,0,9.22,TM,2022-06-22 22:21:33
508,Palmer,42.1584,-72.3287,68.5,88,75,0.0,US,2022-06-22 22:20:43
509,Jiwani,25.05,61.7417,83.59,80,46,13.27,PK,2022-06-22 22:21:33
510,Ferkessedougou,9.6,-5.2,74.44,88,88,3.47,CI,2022-06-22 22:21:34
511,Batagay-Alyta,67.8006,130.4114,44.15,77,98,2.48,RU,2022-06-22 22:21:34
512,Hokitika,-42.7167,170.9667,45.07,58,100,3.85,NZ,2022-06-22 22:21:34
513,Harper,4.375,-7.7169,77.0,87,86,7.99,LR,2022-06-22 22:21:35
514,Dawei,14.0833,98.2,77.43,87,100,1.7,MM,2022-06-22 22:21:35
515,Nandu,22.8525,110.8233,75.2,96,24,3.13,CN,2022-06-22 22:21:35
516,Umm Lajj,25.0213,37.2685,79.79,61,0,9.91,SA,2022-06-22 22:21:36
517,Pavlogradka,54.2024,73.5592,60.89,76,4,14.61,RU,2022-06-22 22:21:36
518,Ewa Beach,21.3156,-158.0072,84.15,54,40,19.57,US,2022-06-22 22:18:43
519,Jatara,25.0167,79.05,90.16,46,45,5.7,IN,2022-06-22 22:21:36
520,Faya,18.3851,42.4509,71.71,52,89,3.58,SA,2022-06-22 22:21:37
521,Senneterre,48.3835,-77.2328,75.24,56,19,11.7,CA,2022-06-22 22:21:37
522,Warrensburg,38.7628,-93.7361,89.67,39,0,9.22,US,2022-06-22 22:21:37
523,Parry Sound,45.3501,-80.033,69.85,64,5,10.25,CA,2022-06-22 22:21:38
524,Borogontsy,62.6683,131.1683,69.01,54,8,6.49,RU,2022-06-22 22:21:38
525,Port Moresby,-9.4431,147.1797,76.19,87,99,8.88,PG,2022-06-22 22:21:39
526,Alta Floresta,-9.8756,-56.0861,77.61,41,47,2.48,BR,2022-06-22 22:21:39
527,Ambon,-3.6954,128.1814,74.23,17,40,6.91,ID,2022-06-22 22:21:39
528,Lukulu,-14.3707,23.242,56.88,51,0,6.17,ZM,2022-06-22 22:21:40
529,Ormara,25.2088,64.6357,83.62,78,55,3.94,PK,2022-06-22 22:21:40
530,Kangaba,11.9333,-8.4167,72.84,88,100,8.9,ML,2022-06-22 22:21:41
531,Arys,42.4252,68.795,75.04,61,100,8.46,KZ,2022-06-22 22:21:42
532,Havre-Saint-Pierre,50.2334,-63.5986,59.36,77,100,6.91,CA,2022-06-22 22:21:42
533,Kaseda,31.4167,130.3167,76.03,97,81,8.14,JP,2022-06-22 22:21:43
534,Cururupu,-1.8283,-44.8683,73.04,96,67,3.29,BR,2022-06-22 22:21:43
535,Urumqi,43.801,87.6005,79.75,21,0,11.18,CN,2022-06-22 22:21:43
536,Luganville,-15.5333,167.1667,76.77,90,100,12.59,VU,2022-06-22 22:21:44
537,Auki,-8.7676,160.7034,82.29,73,78,3.38,SB,2022-06-22 22:21:44
538,Nishihara,26.1842,127.7558,82.45,88,20,8.05,JP,2022-06-22 22:21:44
539,Sinop,41.7711,34.8709,54.9,74,25,7.4,TR,2022-06-22 22:21:45
540,Barao De Melgaco,-16.1944,-55.9675,78.46,35,53,2.13,BR,2022-06-22 22:21:45
541,Tromso,69.6496,18.957,47.37,76,0,9.22,NO,2022-06-22 22:21:45
542,Bergen,60.392,5.328,56.08,100,100,13.8,NO,2022-06-22 22:21:46
543,Cuiluan,47.72,128.648,65.57,93,100,1.63,CN,2022-06-22 22:21:46
544,Talcahuano,-36.7167,-73.1167,47.88,93,100,6.91,CL,2022-06-22 22:21:46
545,Saint Anthony,45.0205,-93.218,86.67,42,75,11.5,US,2022-06-22 22:21:47
546,Turkistan,43.0,68.0,78.03,51,84,13.29,KZ,2022-06-22 22:21:47
547,Meulaboh,4.1363,96.1285,74.59,90,100,4.88,ID,2022-06-22 22:21:47
548,Morris,40.8334,-74.5329,63.95,93,100,4.0,US,2022-06-22 22:19:24
549,Phalaborwa,-23.943,31.1411,60.08,89,99,5.53,ZA,2022-06-22 22:21:48
550,Baculin,7.4525,126.5842,77.59,83,73,3.44,PH,2022-06-22 22:22:48
551,Oga,46.4631,10.347,57.88,90,65,1.7,IT,2022-06-22 22:22:49
552,Dagana,16.5165,-15.5068,90.19,46,16,18.68,MR,2022-06-22 22:22:50
553,Banes,20.9625,-75.7186,81.91,70,89,10.78,CU,2022-06-22 22:22:50
554,Temba,-25.3803,28.2631,57.11,77,0,12.33,ZA,2022-06-22 22:22:51
555,Peruibe,-24.32,-46.9983,67.53,86,6,3.87,BR,2022-06-22 22:22:51
556,Pierre,44.3683,-100.351,88.86,33,0,12.66,US,2022-06-22 22:22:51
557,Porto Calvo,-9.045,-35.3983,72.81,98,100,3.24,BR,2022-06-22 22:22:52
558,Luderitz,-26.6481,15.1594,56.16,72,0,5.39,NA,2022-06-22 22:22:52
559,Jabinyanah,35.035,10.9081,78.6,68,61,6.96,TN,2022-06-22 22:22:52
560,Vanimo,-2.6741,141.3028,78.31,85,33,4.7,PG,2022-06-22 22:22:53
561,Nyagan,62.1406,65.3936,58.33,97,69,2.46,RU,2022-06-22 22:22:53
562,Udachnyy,66.4167,112.4,70.45,59,32,4.47,RU,2022-06-22 22:22:53
