City_ID,City,Country,Date,Lat,Lng,Max Temp,Humidity,Cloudiness,Wind Speed,Current Description
0,Mataura,NZ,2022-06-23 13:09:53,-46.1927,168.8643,33.48,81,3,3.69,clear sky
1,Alekseyevsk,RU,2022-06-23 13:09:54,57.8406,108.3492,55.18,95,93,2.48,light rain
2,Hilo,US,2022-06-23 13:06:59,19.7297,-155.09,71.28,91,100,4.61,light rain
3,Dikson,RU,2022-06-23 13:09:54,73.5069,80.5464,43.5,74,100,20.47,overcast clouds
4,Saldanha,ZA,2022-06-23 13:09:55,-33.0117,17.9442,55.54,88,100,25.41,moderate rain
5,Cabo San Lucas,MX,2022-06-23 13:09:19,22.8909,-109.9124,81.61,82,76,2.86,broken clouds
6,Bluff,NZ,2022-06-23 13:09:55,-46.6,168.3333,33.8,78,87,12.08,overcast clouds
7,Rikitea,PF,2022-06-23 13:09:56,-23.1203,-134.9692,75.22,65,79,15.84,broken clouds
8,Tilichiki,RU,2022-06-23 13:09:56,60.4667,166.1,44.26,94,98,3.47,overcast clouds
9,Kahului,US,2022-06-23 13:09:57,20.8947,-156.47,75.22,77,100,9.22,overcast clouds
10,Sao Miguel Do Araguaia,BR,2022-06-23 13:09:57,-13.275,-50.1628,85.62,33,0,7.61,clear sky
11,Camocim,BR,2022-06-23 13:06:55,-2.9022,-40.8411,82.27,65,23,10.22,few clouds
12,Kostomuksha,RU,2022-06-23 13:09:58,64.571,30.5767,55.62,94,100,11.77,light rain
13,Quesnel,CA,2022-06-23 13:09:58,52.9999,-122.5029,43.16,86,100,1.19,overcast clouds
14,Butaritari,KI,2022-06-23 13:09:59,3.0707,172.7902,81.77,76,17,11.27,few clouds
15,Prince Rupert,CA,2022-06-23 13:09:59,54.3161,-130.3201,50.09,93,100,5.75,mist
16,New Norfolk,AU,2022-06-23 13:10:00,-42.7826,147.0587,50.92,88,100,1.01,heavy intensity rain
17,Ushuaia,AR,2022-06-23 13:10:00,-54.8,-68.3,37.06,93,100,18.41,light rain
18,Tambura,SS,2022-06-23 13:10:01,5.6,27.4667,89.56,44,100,3.31,overcast clouds
19,Nurota,UZ,2022-06-23 13:10:02,40.5614,65.6886,95.97,17,0,12.82,clear sky
20,Karlstad,SE,2022-06-23 13:10:03,59.3793,13.5036,75.76,38,0,10.36,clear sky
21,Gurupi,BR,2022-06-23 13:07:30,-11.7292,-49.0686,84.15,37,0,11.92,clear sky
22,Bredasdorp,ZA,2022-06-23 13:10:05,-34.5322,20.0403,54.57,90,100,21.63,heavy intensity rain
23,Jamestown,US,2022-06-23 13:06:29,42.097,-79.2353,67.01,74,0,8.05,clear sky
24,Talcahuano,CL,2022-06-23 13:10:06,-36.7167,-73.1167,51.48,87,100,14.97,overcast clouds
25,Mumford,GH,2022-06-23 13:10:06,5.2618,-0.759,78.46,81,100,8.99,overcast clouds
26,Punta Arenas,CL,2022-06-23 13:05:52,-53.15,-70.9167,41.02,77,0,17.27,clear sky
27,Beringovskiy,RU,2022-06-23 13:10:07,63.05,179.3167,45.27,87,100,14.0,overcast clouds
28,Nanortalik,GL,2022-06-23 13:10:07,60.1432,-45.2371,43.43,65,100,12.59,overcast clouds
29,Anloga,GH,2022-06-23 13:10:08,5.7947,0.8973,80.98,74,96,10.0,light rain
30,Barrow,US,2022-06-23 13:10:08,71.2906,-156.7887,44.62,93,100,6.91,light rain
31,Takab,IR,2022-06-23 13:10:08,36.4009,47.1133,78.22,25,77,18.23,broken clouds
32,Luderitz,NA,2022-06-23 13:10:09,-26.6481,15.1594,71.11,38,0,20.51,clear sky
33,Saint-Philippe,RE,2022-06-23 13:10:10,-21.3585,55.7679,69.39,75,94,15.39,light rain
34,Conde,BR,2022-06-23 13:10:10,-7.2597,-34.9075,80.06,78,75,12.66,broken clouds
35,Thompson,CA,2022-06-23 13:10:10,55.7435,-97.8558,51.85,61,6,6.22,clear sky
36,Saskylakh,RU,2022-06-23 13:10:11,71.9167,114.0833,53.04,46,100,10.16,overcast clouds
37,Chokurdakh,RU,2022-06-23 13:10:11,70.6333,147.9167,36.1,59,9,16.75,clear sky
38,Turbana,CO,2022-06-23 13:10:12,10.2717,-75.4422,83.21,82,93,4.23,overcast clouds
39,Mayskiy,RU,2022-06-23 13:10:12,47.6931,40.1025,74.61,36,29,11.83,scattered clouds
40,Tasiilaq,GL,2022-06-23 13:10:13,65.6145,-37.6368,44.76,78,5,6.58,clear sky
41,Cape Town,ZA,2022-06-23 13:09:06,-33.9258,18.4232,56.1,81,75,13.8,light rain
42,Ponta Do Sol,PT,2022-06-23 13:10:13,32.6667,-17.1,72.01,69,52,7.7,broken clouds
43,Praia Da Vitoria,PT,2022-06-23 13:10:14,38.7333,-27.0667,70.75,74,27,13.13,scattered clouds
44,Flinders,AU,2022-06-23 13:10:14,-34.5833,150.8552,58.17,69,11,7.0,few clouds
45,Scarborough,GB,2022-06-23 13:07:13,54.2797,-0.4044,78.33,63,22,4.0,few clouds
46,Parchim,DE,2022-06-23 13:10:15,53.4263,11.8488,85.71,35,4,6.04,clear sky
47,Dunedin,NZ,2022-06-23 13:11:16,-45.8742,170.5036,38.8,82,0,4.38,clear sky
48,Castro,BR,2022-06-23 13:11:16,-24.7911,-50.0119,68.63,62,0,8.34,clear sky
49,Atar,MR,2022-06-23 13:11:16,20.5169,-13.0499,100.13,15,5,9.44,clear sky
50,Qaanaaq,GL,2022-06-23 13:11:17,77.484,-69.3632,39.22,61,86,7.4,overcast clouds
51,Port Lincoln,AU,2022-06-23 13:11:17,-34.7333,135.8667,60.03,89,100,14.07,overcast clouds
52,Omboue,GA,2022-06-23 13:11:18,-1.5746,9.2618,77.05,69,71,11.27,broken clouds
53,Vestmannaeyjar,IS,2022-06-23 13:11:18,63.4427,-20.2734,47.39,81,75,6.91,broken clouds
54,Nikolskoye,RU,2022-06-23 13:11:18,59.7035,30.7861,75.87,35,100,6.42,overcast clouds
55,Busselton,AU,2022-06-23 13:11:19,-33.65,115.3333,55.45,79,58,9.04,broken clouds
56,Hobart,AU,2022-06-23 13:08:05,-42.8794,147.3294,51.26,94,75,0.0,fog
57,Stornoway,GB,2022-06-23 13:11:19,58.2093,-6.3865,61.93,73,40,26.46,scattered clouds
58,Henties Bay,NA,2022-06-23 13:11:20,-22.116,14.2845,62.31,62,0,12.3,clear sky
59,Kyshtovka,RU,2022-06-23 13:11:21,56.555,76.6271,66.25,83,66,10.78,light rain
60,Arroyo,ES,2022-06-23 13:11:21,41.6096,-4.7969,70.14,49,40,17.27,scattered clouds
61,Vaini,TO,2022-06-23 13:11:22,-21.2,-175.2,64.56,88,20,4.61,few clouds
62,Sao Filipe,CV,2022-06-23 13:11:22,14.8961,-24.4956,78.37,81,2,8.28,clear sky
63,Yellowknife,CA,2022-06-23 13:11:22,62.456,-114.3525,55.56,66,84,3.0,broken clouds
64,Kruisfontein,ZA,2022-06-23 13:11:23,-34.0033,24.7314,56.88,62,100,8.66,overcast clouds
65,Coquimbo,CL,2022-06-23 13:11:23,-29.9533,-71.3436,53.33,76,0,12.66,clear sky
66,Clonmel,IE,2022-06-23 13:11:24,52.355,-7.7039,74.35,67,96,5.53,overcast clouds
67,Mamallapuram,IN,2022-06-23 13:11:24,12.6264,80.1722,89.65,71,100,13.2,overcast clouds
68,Albany,US,2022-06-23 13:09:47,42.6001,-73.9662,64.94,85,100,1.99,overcast clouds
69,Horodnytsya,UA,2022-06-23 13:11:25,50.807,27.3168,65.82,70,100,7.45,overcast clouds
70,Khatanga,RU,2022-06-23 13:11:25,71.9667,102.5,55.17,42,100,12.21,overcast clouds
71,Atuona,PF,2022-06-23 13:11:26,-9.8,-139.0333,77.07,76,3,15.5,clear sky
72,Avarua,CK,2022-06-23 13:11:26,-21.2078,-159.775,75.25,64,75,10.36,broken clouds
73,Tiksi,RU,2022-06-23 13:11:26,71.6872,128.8694,35.67,60,43,7.87,scattered clouds
74,Norman Wells,CA,2022-06-23 13:11:27,65.282,-126.8329,60.85,46,59,1.52,broken clouds
75,Laguna,US,2022-06-23 13:08:44,38.421,-121.4238,78.94,46,0,6.91,clear sky
76,Puerto Carreno,CO,2022-06-23 13:10:04,6.189,-67.4859,79.45,80,6,2.33,clear sky
77,Kavieng,PG,2022-06-23 13:11:28,-2.5744,150.7967,81.55,77,39,11.68,scattered clouds
78,Marawi,PH,2022-06-23 13:11:28,7.9986,124.2928,69.37,94,76,1.81,light rain
79,Atbasar,KZ,2022-06-23 13:11:29,51.8,68.3333,83.59,43,91,13.94,overcast clouds
80,Jalu,LY,2022-06-23 13:11:29,29.0331,21.5482,100.02,14,0,8.55,clear sky
81,Chuy,UY,2022-06-23 13:11:30,-33.6971,-53.4616,49.42,88,100,4.18,overcast clouds
82,Singapore,SG,2022-06-23 13:11:30,1.2897,103.8501,80.46,86,75,9.22,light rain
83,Arraial Do Cabo,BR,2022-06-23 13:11:31,-22.9661,-42.0278,76.86,69,0,5.75,clear sky
84,San Cristobal,VE,2022-06-23 13:11:31,7.7669,-72.225,73.58,76,91,5.61,overcast clouds
85,Islahiye,TR,2022-06-23 13:11:31,37.025,36.6306,88.27,20,0,13.6,clear sky
86,Meulaboh,ID,2022-06-23 13:11:32,4.1363,96.1285,75.38,92,100,14.97,overcast clouds
87,Dawson Creek,CA,2022-06-23 13:11:32,55.7666,-120.2362,47.84,76,75,11.5,broken clouds
88,Hithadhoo,MV,2022-06-23 13:11:32,-0.6,73.0833,82.15,75,9,6.89,clear sky
89,Diamantino,BR,2022-06-23 13:11:33,-14.4086,-56.4461,80.91,39,48,5.57,scattered clouds
90,Pemberton,CA,2022-06-23 13:11:33,50.3164,-122.8027,45.81,90,21,0.85,few clouds
91,Sitka,US,2022-06-23 13:12:34,57.0531,-135.33,53.49,87,100,0.0,overcast clouds
92,Cherskiy,RU,2022-06-23 13:12:34,68.75,161.3,40.42,71,100,5.73,overcast clouds
93,Dalbandin,PK,2022-06-23 13:12:34,28.8947,64.4101,101.26,16,0,10.74,clear sky
94,Vardo,NO,2022-06-23 13:12:35,70.3705,31.1107,48.18,87,0,5.75,clear sky
95,Carnduff,CA,2022-06-23 13:12:35,49.1667,-101.8009,65.37,69,8,6.2,clear sky
96,Svetlyy,RU,2022-06-23 13:12:36,54.675,20.1347,68.05,64,21,3.31,few clouds
97,Gorom-Gorom,BF,2022-06-23 13:11:11,14.4439,-0.2361,97.2,27,1,5.82,clear sky
98,Port Elizabeth,ZA,2022-06-23 13:12:36,-33.918,25.5701,59.09,96,100,4.0,overcast clouds
99,Geraldton,AU,2022-06-23 13:12:37,-28.7667,114.6,59.41,94,40,5.75,scattered clouds
100,Hereford,GB,2022-06-23 13:12:37,52.0568,-2.7148,78.69,52,87,11.25,overcast clouds
101,Bondo,CD,2022-06-23 13:12:38,3.8146,23.6866,81.72,65,98,1.32,overcast clouds
102,Uvat,RU,2022-06-23 13:12:38,59.1433,68.8953,72.5,68,61,6.96,broken clouds
103,Warrnambool,AU,2022-06-23 13:12:39,-38.3833,142.4833,59.81,77,100,20.31,moderate rain
104,Ejido Hermosillo,MX,2022-06-23 13:12:39,32.5121,-114.9238,86.43,39,0,5.7,clear sky
105,West Wendover,US,2022-06-23 13:12:40,40.7391,-114.0733,60.01,39,0,3.44,clear sky
106,Havoysund,NO,2022-06-23 13:12:40,70.9963,24.6622,53.83,87,100,5.37,light rain
107,Zhigansk,RU,2022-06-23 13:12:41,66.7697,123.3711,54.61,54,73,8.25,broken clouds
108,Nelson Bay,AU,2022-06-23 13:12:41,-32.7167,152.15,51.1,84,30,12.88,scattered clouds
109,Sabha,LY,2022-06-23 13:12:42,27.0377,14.4283,99.16,7,0,7.74,clear sky
110,Tuktoyaktuk,CA,2022-06-23 13:12:42,69.4541,-133.0374,37.17,78,100,9.44,overcast clouds
111,Faanui,PF,2022-06-23 13:12:42,-16.4833,-151.75,79.34,66,90,6.96,overcast clouds
112,Shebalino,RU,2022-06-23 13:12:43,51.2917,85.6772,73.27,68,0,3.44,clear sky
113,Isangel,VU,2022-06-23 13:12:43,-19.55,169.2667,72.48,80,100,5.55,overcast clouds
114,Port Hedland,AU,2022-06-23 13:12:44,-20.3167,118.5667,66.25,72,4,1.14,clear sky
115,Ellisras,ZA,2022-06-23 13:12:44,-23.6649,27.7443,69.78,44,6,9.75,clear sky
116,Bell Ville,AR,2022-06-23 13:12:44,-32.6259,-62.6887,40.55,69,51,2.37,broken clouds
117,Brigantine,US,2022-06-23 13:12:45,39.4101,-74.3646,70.14,83,20,12.66,few clouds
118,Comodoro Rivadavia,AR,2022-06-23 13:12:45,-45.8667,-67.5,33.66,55,0,5.75,clear sky
119,Wattegama,LK,2022-06-23 13:12:45,6.7989,81.4808,84.52,58,84,5.99,broken clouds
120,Porto Novo,BJ,2022-06-23 13:12:46,6.4965,2.6036,83.7,67,86,7.76,light rain
121,Aklavik,CA,2022-06-23 13:12:46,68.2191,-135.0107,47.7,58,99,13.09,overcast clouds
122,Okhotsk,RU,2022-06-23 13:12:46,59.3833,143.3,48.36,94,100,5.86,overcast clouds
123,Sioux Lookout,CA,2022-06-23 13:08:28,50.1001,-91.917,64.47,77,75,8.05,broken clouds
124,Nieuwpoort,BE,2022-06-23 13:12:47,51.1244,2.7735,80.24,57,20,13.8,few clouds
125,Goba,ET,2022-06-23 13:12:47,7.0167,39.9833,61.79,66,99,4.99,light rain
126,Longyearbyen,SJ,2022-06-23 13:08:43,78.2186,15.6401,42.64,61,75,28.77,broken clouds
127,Acapulco,MX,2022-06-23 13:12:48,16.8634,-99.8901,76.82,88,100,6.91,overcast clouds
128,Kupang,ID,2022-06-23 13:12:48,-10.1667,123.5833,78.64,71,100,13.98,overcast clouds
129,Verkhoyansk,RU,2022-06-23 13:12:48,67.5447,133.385,52.11,49,2,12.44,clear sky
130,Aransas Pass,US,2022-06-23 13:12:49,27.9095,-97.15,85.01,88,0,5.75,clear sky
131,Gimbi,ET,2022-06-23 13:12:49,9.1667,35.8333,68.59,73,99,1.77,light rain
132,Broken Hill,AU,2022-06-23 13:12:50,-31.95,141.4333,52.86,66,0,12.15,clear sky
133,Hermanus,ZA,2022-06-23 13:12:50,-34.4187,19.2345,51.8,83,100,15.59,moderate rain
134,Suclayin,PH,2022-06-23 13:12:51,15.7568,121.5503,76.73,92,100,2.46,heavy intensity rain
135,Mulege,MX,2022-06-23 13:12:51,26.8833,-111.9833,84.81,49,7,2.51,clear sky
136,Palembang,ID,2022-06-23 13:12:51,-2.9167,104.7458,78.89,89,40,2.3,scattered clouds
137,Negru Voda,RO,2022-06-23 13:13:52,43.8167,28.2,77.02,31,100,12.08,overcast clouds
138,Avera,US,2022-06-23 13:13:52,33.194,-82.5271,86.56,45,37,9.17,scattered clouds
139,Torbay,CA,2022-06-23 13:13:53,47.6666,-52.7314,71.89,73,98,3.0,overcast clouds
140,Tokur,RU,2022-06-23 13:13:53,53.1333,132.9,51.35,99,23,4.38,few clouds
141,Hambantota,LK,2022-06-23 13:13:54,6.1241,81.1185,82.74,74,46,20.18,scattered clouds
142,Lebu,CL,2022-06-23 13:11:15,-37.6167,-73.65,49.55,90,100,10.8,light rain
143,Acarau,BR,2022-06-23 13:13:54,-2.8856,-40.12,81.01,70,27,13.24,scattered clouds
144,Ahipara,NZ,2022-06-23 13:13:55,-35.1667,173.1667,53.02,87,43,9.01,scattered clouds
145,Puerto Ayora,EC,2022-06-23 13:13:55,-0.7393,-90.3518,69.55,95,83,5.01,broken clouds
146,Iqaluit,CA,2022-06-23 13:13:56,63.7506,-68.5145,37.49,71,100,4.03,overcast clouds
147,Provideniya,RU,2022-06-23 13:13:56,64.3833,-173.3,41.2,96,100,8.88,overcast clouds
148,Baykit,RU,2022-06-23 13:13:57,61.67,96.37,68.11,51,100,5.26,overcast clouds
149,High Rock,BS,2022-06-23 13:13:57,26.6208,-78.2833,78.82,65,100,3.06,overcast clouds
150,Falam,MM,2022-06-23 13:13:58,22.9167,93.6833,65.1,96,100,3.09,overcast clouds
151,Beloha,MG,2022-06-23 13:13:58,-25.1667,45.05,70.92,44,0,16.22,clear sky
152,Mahebourg,MU,2022-06-23 13:13:59,-20.4081,57.7,70.09,78,75,16.11,broken clouds
153,Airai,TL,2022-06-23 13:13:59,-8.9266,125.4092,58.26,94,98,4.32,overcast clouds
154,Bethel,US,2022-06-23 13:13:59,41.3712,-73.414,66.56,87,75,5.75,broken clouds
155,Pangnirtung,CA,2022-06-23 13:14:00,66.1451,-65.7125,47.86,66,47,2.75,scattered clouds
156,Post Falls,US,2022-06-23 13:14:00,47.718,-116.9516,55.85,62,0,5.75,clear sky
157,Necochea,AR,2022-06-23 13:11:34,-38.5473,-58.7368,40.32,77,100,6.55,overcast clouds
158,Maceio,BR,2022-06-23 13:13:56,-9.6658,-35.7353,76.44,88,100,8.05,mist
159,Georgetown,MY,2022-06-23 13:09:22,5.4112,100.3354,84.13,79,20,0.0,few clouds
160,Homer,US,2022-06-23 13:14:01,59.6425,-151.5483,56.77,92,0,4.0,mist
161,Nhulunbuy,AU,2022-06-23 13:14:02,-12.2333,136.7667,75.81,78,75,13.8,broken clouds
162,Porbandar,IN,2022-06-23 13:14:02,21.6422,69.6093,85.73,73,100,14.92,overcast clouds
163,Grindavik,IS,2022-06-23 13:14:03,63.8424,-22.4338,46.87,61,0,32.21,clear sky
164,Srednekolymsk,RU,2022-06-23 13:14:03,67.45,153.6833,46.81,47,11,5.84,few clouds
165,Tiznit,MA,2022-06-23 13:14:04,29.5833,-9.5,77.9,34,0,11.39,clear sky
166,Oranjemund,NA,2022-06-23 13:14:04,-28.55,16.4333,64.02,61,5,13.49,clear sky
167,Sao Joao Da Barra,BR,2022-06-23 13:12:35,-21.6403,-41.0511,78.89,59,0,8.3,clear sky
168,Bambous Virieux,MU,2022-06-23 13:14:05,-20.3428,57.7575,70.05,78,75,16.11,light rain
169,Pangody,RU,2022-06-23 13:14:05,65.85,74.4859,82.98,27,9,11.99,clear sky
170,Bria,CF,2022-06-23 13:14:06,6.5423,21.9863,87.1,55,63,4.09,broken clouds
171,Kununurra,AU,2022-06-23 13:14:06,-15.7667,128.7333,62.58,59,98,0.0,overcast clouds
172,Alexandria,EG,2022-06-23 13:14:07,31.2156,29.9553,83.32,63,0,13.38,clear sky
173,Havre-Saint-Pierre,CA,2022-06-23 13:14:07,50.2334,-63.5986,55.22,77,97,9.06,overcast clouds
174,Fortuna,US,2022-06-23 13:14:08,40.5982,-124.1573,54.93,89,14,4.09,few clouds
175,Shubarkuduk,KZ,2022-06-23 13:14:08,49.1447,56.4872,91.06,28,54,18.14,broken clouds
176,Ilulissat,GL,2022-06-23 13:14:08,69.2167,-51.1,39.22,87,75,6.91,light rain
177,College,US,2022-06-23 13:14:09,64.8569,-147.8028,60.78,68,75,9.22,mist
178,Brae,GB,2022-06-23 13:14:09,60.3964,-1.353,54.57,87,100,15.97,overcast clouds
179,San Quintin,MX,2022-06-23 13:14:10,30.4833,-115.95,66.87,84,0,8.19,clear sky
180,East London,ZA,2022-06-23 13:14:10,-33.0153,27.9116,75.29,36,100,6.76,overcast clouds
181,Gizo,SB,2022-06-23 13:14:11,-8.103,156.8419,82.2,75,56,6.02,broken clouds
182,Yulara,AU,2022-06-23 13:14:11,-25.2406,130.9889,57.97,34,0,4.27,clear sky
183,Kapaa,US,2022-06-23 13:14:12,22.0752,-159.319,73.38,94,75,11.5,light rain
184,Saint George,US,2022-06-23 13:14:24,37.1041,-113.5841,73.8,37,0,5.01,clear sky
185,Ayan,RU,2022-06-23 13:15:12,56.45,138.1667,47.08,97,94,7.18,overcast clouds
186,Clyde River,CA,2022-06-23 13:15:13,70.4692,-68.5914,32.23,100,100,20.71,overcast clouds
187,Aguimes,ES,2022-06-23 13:15:13,27.9054,-15.4461,74.03,50,20,25.32,few clouds
188,Talnakh,RU,2022-06-23 13:15:14,69.4865,88.3972,85.21,20,28,5.41,scattered clouds
189,Kodiak,US,2022-06-23 13:15:14,57.79,-152.4072,56.71,67,0,5.75,smoke
190,Merauke,ID,2022-06-23 13:15:15,-8.4667,140.3333,77.63,86,89,17.22,overcast clouds
191,Dingle,PH,2022-06-23 13:15:15,10.9995,122.6711,77.97,89,77,4.68,broken clouds
192,Liverpool,GB,2022-06-23 13:15:16,53.4106,-2.9779,82.98,45,40,12.66,scattered clouds
193,Laredo,US,2022-06-23 13:10:47,27.5064,-99.5075,75.49,83,0,3.44,clear sky
194,Marica,BR,2022-06-23 13:11:21,-22.9194,-42.8186,73.35,60,0,4.32,clear sky
195,Bardiyah,LY,2022-06-23 13:15:17,31.7561,25.0865,86.2,47,0,15.5,clear sky
196,Bathsheba,BB,2022-06-23 13:15:17,13.2167,-59.5167,86.61,66,40,12.66,scattered clouds
197,Mar Del Plata,AR,2022-06-23 13:12:50,-38.0023,-57.5575,46.09,69,100,4.0,overcast clouds
198,Upernavik,GL,2022-06-23 13:15:18,72.7868,-56.1549,33.89,92,100,6.38,overcast clouds
199,Cidreira,BR,2022-06-23 13:15:18,-30.1811,-50.2056,61.56,95,100,12.03,overcast clouds
200,Tengzhou,CN,2022-06-23 13:15:19,35.0771,117.1518,83.46,65,0,5.97,clear sky
201,Rock Springs,US,2022-06-23 13:15:19,41.5875,-109.2029,62.04,31,100,3.44,overcast clouds
202,Redmond,US,2022-06-23 13:14:28,47.674,-122.1215,55.33,85,76,1.66,broken clouds
203,Lagoa,PT,2022-06-23 13:15:20,39.05,-27.9833,64.49,85,94,14.56,overcast clouds
204,Olga,RU,2022-06-23 13:15:20,43.7444,135.2892,57.13,99,100,6.08,moderate rain
205,Nagapattinam,IN,2022-06-23 13:15:20,10.7667,79.8333,85.5,69,100,16.89,overcast clouds
206,Salalah,OM,2022-06-23 13:15:21,17.0151,54.0924,84.29,79,40,14.97,scattered clouds
207,Wagga Wagga,AU,2022-06-23 13:15:21,-35.1167,147.3667,51.6,93,100,4.18,overcast clouds
208,Zhanaozen,KZ,2022-06-23 13:15:22,43.3,52.8,96.89,13,100,9.17,light rain
209,Matara,LK,2022-06-23 13:15:22,5.9485,80.5353,80.51,82,9,9.64,clear sky
210,Kortkeros,RU,2022-06-23 13:15:23,61.8106,51.5806,62.19,92,100,2.51,overcast clouds
211,Turukhansk,RU,2022-06-23 13:15:23,65.8167,87.9833,79.03,37,100,8.93,overcast clouds
212,Evensk,RU,2022-06-23 13:15:23,61.95,159.2333,43.25,97,100,12.71,overcast clouds
213,Maple Creek,CA,2022-06-23 13:15:24,49.9168,-109.4848,66.61,82,4,3.44,clear sky
214,Lagos,NG,2022-06-23 13:13:22,6.5833,3.75,84.51,67,88,6.02,light rain
215,Grand Gaube,MU,2022-06-23 13:15:25,-20.0064,57.6608,70.2,78,56,5.99,broken clouds
216,Richards Bay,ZA,2022-06-23 13:15:25,-28.783,32.0377,75.92,50,93,11.88,overcast clouds
217,Troitsko-Pechorsk,RU,2022-06-23 13:15:26,62.7084,56.1964,49.44,94,100,4.32,overcast clouds
218,Winslow,US,2022-06-23 13:15:26,35.0242,-110.6974,62.78,67,0,3.44,clear sky
219,Hanzhong,CN,2022-06-23 13:15:26,33.0728,107.0303,79.99,62,2,1.07,clear sky
220,Faya,SA,2022-06-23 13:15:27,18.3851,42.4509,77.52,37,76,13.67,light rain
221,Mus,TR,2022-06-23 13:15:28,39.0,41.75,78.84,31,20,14.27,few clouds
222,Daru,PG,2022-06-23 13:15:28,-9.0763,143.2092,77.81,89,34,18.3,scattered clouds
223,Adrar,MR,2022-06-23 13:15:28,20.5022,-10.0711,100.45,13,0,10.33,clear sky
224,Teguise,ES,2022-06-23 13:15:29,29.0605,-13.564,73.62,44,20,14.97,few clouds
225,Balmedie,GB,2022-06-23 13:15:29,57.2505,-2.0616,72.28,64,83,9.22,broken clouds
226,Ribeira Grande,PT,2022-06-23 13:15:30,38.5167,-28.7,68.4,73,75,5.75,broken clouds
227,Nome,US,2022-06-23 13:14:31,64.5011,-165.4064,41.16,93,100,10.36,overcast clouds
228,Irbil,IQ,2022-06-23 13:10:37,36.1926,44.0106,98.08,16,0,7.31,clear sky
229,Katsuura,JP,2022-06-23 13:16:31,35.1333,140.3,72.05,96,84,4.56,broken clouds
230,Port Macquarie,AU,2022-06-23 13:16:31,-31.4333,152.9167,43.9,80,32,4.99,scattered clouds
231,Yerbogachen,RU,2022-06-23 13:16:31,61.2767,108.0108,69.22,64,98,1.81,overcast clouds
232,Bilma,NE,2022-06-23 13:16:32,18.6853,12.9164,107.15,7,66,3.22,broken clouds
233,Hargeysa,SO,2022-06-23 13:16:32,9.56,44.065,84.27,37,94,19.46,overcast clouds
234,Pevek,RU,2022-06-23 13:16:33,69.7008,170.3133,34.11,91,100,8.7,overcast clouds
235,Basco,PH,2022-06-23 13:16:33,20.4487,121.9702,85.77,76,12,14.83,few clouds
236,Riyadh,SA,2022-06-23 13:16:33,24.6877,46.7219,111.34,5,20,15.14,few clouds
237,Vila,PT,2022-06-23 13:16:34,42.0304,-8.1588,54.7,91,100,5.19,moderate rain
238,Vila Velha,BR,2022-06-23 13:16:34,-20.3297,-40.2925,80.55,73,0,10.36,clear sky
239,Dehloran,IR,2022-06-23 13:16:35,32.6941,47.2679,100.51,14,0,15.28,clear sky
240,Benguela,AO,2022-06-23 13:16:35,-12.5763,13.4055,74.71,68,22,8.7,few clouds
241,Mayfield,US,2022-06-23 13:16:35,36.7417,-88.6367,80.02,64,0,3.44,clear sky
242,Grieskirchen,AT,2022-06-23 13:16:36,48.2333,13.8333,82.96,60,9,8.21,clear sky
243,Ambovombe,MG,2022-06-23 13:16:36,-25.1667,46.0833,69.93,49,0,18.72,clear sky
244,Hasaki,JP,2022-06-23 13:16:37,35.7333,140.8333,72.28,93,99,7.54,overcast clouds
245,Touros,BR,2022-06-23 13:12:15,-5.1989,-35.4608,83.5,65,58,11.07,broken clouds
246,Waipawa,NZ,2022-06-23 13:16:37,-41.4122,175.5153,38.86,84,8,5.17,clear sky
247,Fairbanks,US,2022-06-23 13:16:38,64.8378,-147.7164,60.8,71,100,9.22,smoke
248,Bol,TD,2022-06-23 13:16:38,13.4586,14.7147,82.33,68,4,14.94,clear sky
249,San Andres,CO,2022-06-23 13:14:13,12.5847,-81.7006,77.02,100,100,13.8,overcast clouds
250,Taoudenni,ML,2022-06-23 13:16:39,22.6783,-3.9836,113.07,9,6,9.44,clear sky
251,Leningradskiy,RU,2022-06-23 13:16:39,69.3833,178.4167,50.36,56,18,9.33,few clouds
252,Qaqortoq,GL,2022-06-23 13:16:40,60.7167,-46.0333,49.21,42,100,6.15,overcast clouds
253,Severo-Kurilsk,RU,2022-06-23 13:16:40,50.6789,156.125,46.0,96,75,15.35,broken clouds
254,Azul,AR,2022-06-23 13:16:40,-36.777,-59.8585,38.34,62,100,4.59,overcast clouds
255,Churachandpur,IN,2022-06-23 13:16:41,24.3333,93.6667,69.39,97,96,2.59,overcast clouds
256,Port Alfred,ZA,2022-06-23 13:14:35,-33.5906,26.891,69.13,52,100,12.84,overcast clouds
257,Haverfordwest,GB,2022-06-23 13:16:42,51.8017,-4.9691,67.59,68,10,4.97,clear sky
258,Caravelas,BR,2022-06-23 13:16:42,-17.7125,-39.2481,78.78,69,78,2.39,broken clouds
259,Portobelo,PA,2022-06-23 13:16:42,9.55,-79.65,81.1,84,99,5.99,overcast clouds
260,Padang,ID,2022-06-23 13:16:43,-0.9492,100.3543,75.25,90,100,3.06,light rain
261,Bambanglipuro,ID,2022-06-23 13:16:43,-7.95,110.2833,77.77,87,26,10.89,scattered clouds
262,Ipameri,BR,2022-06-23 13:11:58,-17.7219,-48.1597,76.19,37,78,10.83,broken clouds
263,Kalmunai,LK,2022-06-23 13:16:44,7.4167,81.8167,84.04,75,98,8.5,overcast clouds
264,Antalaha,MG,2022-06-23 13:16:45,-14.9003,50.2788,75.24,58,0,13.85,clear sky
265,Along,IN,2022-06-23 13:16:45,28.1667,94.7667,76.59,98,97,0.76,overcast clouds
266,Alofi,NU,2022-06-23 13:16:45,-19.0595,-169.9187,71.49,73,100,8.05,overcast clouds
267,Esso,RU,2022-06-23 13:16:46,55.9333,158.7,50.09,89,3,4.88,clear sky
268,Lata,PT,2022-06-23 13:16:46,40.1629,-8.3327,63.07,58,96,6.73,overcast clouds
269,Phan Thiet,VN,2022-06-23 13:16:46,10.9333,108.1,80.08,85,99,1.5,overcast clouds
270,Eravur,LK,2022-06-23 13:16:47,7.7733,81.6095,84.16,70,100,9.35,overcast clouds
271,Saint-Pierre,RE,2022-06-23 13:16:47,-21.3393,55.4781,74.91,64,100,9.22,overcast clouds
272,Tarut,SA,2022-06-23 13:16:48,26.5733,50.0369,106.02,48,6,10.8,clear sky
273,Ravar,IR,2022-06-23 13:16:48,31.2656,56.8055,103.71,5,49,10.4,scattered clouds
274,Gotsu,JP,2022-06-23 13:16:49,35.0,132.2167,79.43,71,100,9.64,moderate rain
275,Kholodnyy,RU,2022-06-23 13:17:49,62.7167,147.95,53.22,73,100,2.98,overcast clouds
276,Makakilo City,US,2022-06-23 13:17:50,21.3469,-158.0858,74.01,77,0,6.91,clear sky
277,Luhyny,UA,2022-06-23 13:17:50,51.082,28.4006,69.67,57,73,11.16,broken clouds
278,Husavik,IS,2022-06-23 13:17:50,66.0449,-17.3389,40.57,83,82,16.26,broken clouds
279,Luwuk,ID,2022-06-23 13:17:51,-0.9516,122.7875,77.54,91,39,3.36,scattered clouds
280,Oskarshamn,SE,2022-06-23 13:17:51,57.2645,16.4484,81.99,43,13,4.12,few clouds
281,Lompoc,US,2022-06-23 13:15:20,34.6391,-120.4579,53.74,100,100,0.0,fog
282,Aswan,EG,2022-06-23 13:17:52,24.0934,32.907,103.35,10,0,12.19,clear sky
283,Saint-Augustin,CA,2022-06-23 13:17:53,51.226,-58.6502,61.43,64,100,18.14,overcast clouds
284,Miraflores,MX,2022-06-23 13:17:53,19.2167,-98.8083,56.05,82,100,1.66,overcast clouds
285,Bengkulu,ID,2022-06-23 13:17:53,-3.8004,102.2655,77.65,85,100,4.18,overcast clouds
286,Kirkuk,IQ,2022-06-23 13:17:54,35.4681,44.3922,99.61,15,0,10.54,clear sky
287,Nueva Gerona,CU,2022-06-23 13:17:55,21.8833,-82.8,80.92,73,26,8.21,scattered clouds
288,Sorland,NO,2022-06-23 13:17:55,67.667,12.6934,51.66,82,75,24.16,broken clouds
289,Victoria,HK,2022-06-23 13:15:39,22.2855,114.1577,87.19,80,1,5.99,clear sky
290,Carnarvon,AU,2022-06-23 13:17:56,-24.8667,113.6333,69.89,65,0,12.26,clear sky
291,Ca Mau,VN,2022-06-23 13:17:56,9.1769,105.15,80.58,83,96,3.38,overcast clouds
292,Aneho,TG,2022-06-23 13:17:56,6.2333,1.6,82.81,68,75,10.09,broken clouds
293,Paraiso,CR,2022-06-23 13:17:57,9.8383,-83.8656,68.95,98,11,1.83,few clouds
294,Xining,CN,2022-06-23 13:17:57,36.6167,101.7667,67.75,49,46,5.39,scattered clouds
295,Cairns,AU,2022-06-23 13:17:58,-16.9167,145.7667,70.11,86,75,8.05,broken clouds
296,Belmonte,BR,2022-06-23 13:17:58,-15.8631,-38.8828,77.68,73,44,3.89,scattered clouds
297,Samarai,PG,2022-06-23 13:17:59,-10.6167,150.6667,78.94,85,100,14.47,overcast clouds
298,Nuuk,GL,2022-06-23 13:17:59,64.1835,-51.7216,36.21,93,100,2.3,fog
299,Sawang Daen Din,TH,2022-06-23 13:18:00,17.4753,103.4575,90.1,99,17,0.72,few clouds
300,Coahuayana,MX,2022-06-23 13:18:00,18.7333,-103.6833,76.5,87,100,4.12,overcast clouds
301,Vao,NC,2022-06-23 13:18:00,-22.6667,167.4833,71.58,72,100,7.76,light rain
302,Trairi,BR,2022-06-23 13:18:01,-3.2778,-39.2689,81.27,70,97,9.17,overcast clouds
303,Hofn,IS,2022-06-23 13:18:01,64.2539,-15.2082,51.82,40,75,14.97,broken clouds
304,Vostok,RU,2022-06-23 13:18:02,46.4856,135.8833,56.46,99,100,4.03,moderate rain
305,Venezuela,VE,2022-06-23 13:18:03,8.0,-66.0,81.54,72,7,14.5,clear sky
306,Ugoofaaru,MV,2022-06-23 13:18:03,5.6667,73.0,83.41,75,78,13.56,broken clouds
307,Tomatlan,MX,2022-06-23 13:18:04,19.9333,-105.25,75.27,89,100,2.57,overcast clouds
308,Grajau,BR,2022-06-23 13:18:04,-5.8194,-46.1386,83.86,46,6,10.58,clear sky
309,Murdochville,CA,2022-06-23 13:18:05,48.9583,-65.5006,54.48,52,25,13.33,scattered clouds
310,Sabang,ID,2022-06-23 13:18:05,5.8933,95.3214,78.73,82,100,23.04,overcast clouds
311,Inirida,CO,2022-06-23 13:18:06,3.8653,-67.9239,74.39,95,96,2.04,moderate rain
312,Port Keats,AU,2022-06-23 13:18:06,-14.25,129.55,70.99,31,83,7.56,broken clouds
313,Chabahar,IR,2022-06-23 13:18:06,25.2919,60.643,84.87,76,0,12.93,clear sky
314,Ponta Delgada,PT,2022-06-23 13:18:07,37.7333,-25.6667,68.72,77,20,8.05,few clouds
315,Fukuma,JP,2022-06-23 13:18:07,33.7667,130.4667,83.28,79,100,15.55,overcast clouds
316,Hovd,MN,2022-06-23 13:18:08,48.0056,91.6419,84.65,15,46,4.79,scattered clouds
317,Vikindu,TZ,2022-06-23 13:18:08,-7.0067,39.2985,80.13,52,6,15.37,clear sky
318,George,ZA,2022-06-23 13:18:09,-33.963,22.4617,54.95,94,100,11.5,light rain
319,Komsomolskiy,UZ,2022-06-23 13:18:09,40.4272,71.7189,86.72,30,100,2.3,overcast clouds
320,Ngunguru,NZ,2022-06-23 13:18:09,-35.6167,174.5,57.69,75,46,14.29,scattered clouds
321,Ancud,CL,2022-06-23 13:18:33,-41.8697,-73.8203,37.22,84,2,7.81,clear sky
322,Filadelfia,US,2022-06-23 13:18:28,39.9523,-75.1638,67.14,89,100,6.91,light rain
323,Milledgeville,US,2022-06-23 13:19:10,33.0801,-83.2321,86.99,62,0,0.0,clear sky
324,Karratha,AU,2022-06-23 13:19:11,-20.7377,116.8463,73.54,48,0,4.16,light rain
325,Xam Nua,LA,2022-06-23 13:19:11,20.4197,104.0439,68.5,97,99,1.32,heavy intensity rain
326,Port Maria,JM,2022-06-23 13:19:12,18.3685,-76.8895,84.06,83,51,5.17,broken clouds
327,Phetchabun,TH,2022-06-23 13:19:12,16.25,101.0833,83.3,69,100,4.45,overcast clouds
328,Moindou,NC,2022-06-23 13:19:12,-21.6924,165.677,69.33,76,100,2.77,overcast clouds
329,Port Blair,IN,2022-06-23 13:19:13,11.6667,92.75,81.55,78,100,10.71,overcast clouds
330,Vavuniya,LK,2022-06-23 13:19:13,8.7514,80.4971,81.88,67,100,7.7,overcast clouds
331,Ambilobe,MG,2022-06-23 13:19:14,-13.2,49.05,83.17,32,2,2.59,clear sky
332,Mount Pleasant,US,2022-06-23 13:14:21,32.7941,-79.8626,84.18,70,0,9.22,clear sky
333,Esperance,AU,2022-06-23 13:19:14,-33.8667,121.9,59.27,78,100,10.51,overcast clouds
334,Odweyne,SO,2022-06-23 13:19:15,9.4092,45.064,83.17,42,29,24.0,scattered clouds
335,Nishihara,JP,2022-06-23 13:19:15,26.1842,127.7558,82.06,89,20,9.22,few clouds
336,Lichtenburg,ZA,2022-06-23 13:19:16,-26.152,26.1597,56.53,60,100,14.45,overcast clouds
337,Tuatapere,NZ,2022-06-23 13:19:16,-46.1333,167.6833,41.07,86,93,6.76,overcast clouds
338,Teya,RU,2022-06-23 13:19:16,60.3778,92.6267,68.4,52,100,5.35,overcast clouds
339,Aljezur,PT,2022-06-23 13:19:17,37.3191,-8.8033,71.17,64,43,12.3,scattered clouds
340,Lashio,MM,2022-06-23 13:19:18,22.9333,97.75,69.75,97,100,2.08,overcast clouds
341,Pisco,PE,2022-06-23 13:14:46,-13.7,-76.2167,59.05,77,100,10.36,smoke
342,Coos Bay,US,2022-06-23 13:19:19,43.3665,-124.2179,54.32,97,0,3.44,clear sky
343,Pingxiang,CN,2022-06-23 13:18:41,27.6167,113.85,80.67,80,100,4.59,overcast clouds
344,Eldorado,BR,2022-06-23 13:19:20,-23.7869,-54.2836,71.87,66,1,6.55,clear sky
345,Olinda,BR,2022-06-23 13:14:29,-8.0089,-34.8553,80.33,78,40,14.97,scattered clouds
346,Labuhan,ID,2022-06-23 13:19:21,-6.8844,112.2051,78.96,84,95,6.2,overcast clouds
347,Machiques,VE,2022-06-23 13:19:22,10.0644,-72.545,81.32,69,34,3.91,scattered clouds
348,Pyinmana,MM,2022-06-23 13:19:23,19.7333,96.2167,76.84,90,100,6.11,light rain
349,Paamiut,GL,2022-06-23 13:19:23,61.994,-49.6678,37.18,90,88,14.79,overcast clouds
350,Namibe,AO,2022-06-23 13:19:24,-15.1961,12.1522,70.65,58,0,7.34,clear sky
351,Road Town,VG,2022-06-23 13:19:24,18.4167,-64.6167,86.04,66,40,8.05,scattered clouds
352,Kulhudhuffushi,MV,2022-06-23 13:19:25,6.6221,73.07,83.23,77,100,14.61,overcast clouds
353,Barra Do Garcas,BR,2022-06-23 13:18:15,-15.89,-52.2567,77.58,47,0,2.3,clear sky
354,Chadiza,ZM,2022-06-23 13:19:25,-14.0678,32.4392,73.18,32,16,7.11,few clouds
355,Hamilton,US,2022-06-23 13:16:45,39.1834,-84.5333,74.86,74,0,11.5,clear sky
356,Zlotoryja,PL,2022-06-23 13:19:26,51.1264,15.9198,83.68,35,0,7.92,clear sky
357,Kui Buri,TH,2022-06-23 13:19:26,12.0828,99.8543,82.22,79,100,5.7,overcast clouds
358,San Patricio,US,2022-06-23 13:19:27,28.017,-97.5169,83.84,82,5,4.68,clear sky
359,Umm Lajj,SA,2022-06-23 13:19:27,25.0213,37.2685,85.68,62,0,13.42,clear sky
360,Camacupa,AO,2022-06-23 13:19:27,-12.0167,17.4833,81.79,27,15,4.23,few clouds
361,Araouane,ML,2022-06-23 13:19:28,18.9048,-3.5265,105.21,14,62,7.4,broken clouds
362,Muncar,ID,2022-06-23 13:19:28,-8.4333,114.3333,77.27,87,44,9.62,scattered clouds
363,Charters Towers,AU,2022-06-23 13:19:29,-20.1,146.2667,57.88,79,0,7.99,clear sky
364,Marsh Harbour,BS,2022-06-23 13:19:29,26.5412,-77.0636,76.77,61,100,2.71,overcast clouds
365,Poplar Bluff,US,2022-06-23 13:19:30,36.757,-90.3929,80.38,67,0,8.05,clear sky
366,Bafoussam,CM,2022-06-23 13:19:30,5.4737,10.4179,71.4,77,35,4.88,light rain
367,Birin,NP,2022-06-23 13:19:30,26.8865,88.0718,66.54,94,77,0.65,moderate rain
368,Berlevag,NO,2022-06-23 13:19:31,70.8578,29.0864,57.2,81,100,16.11,overcast clouds
369,Rutana,BI,2022-06-23 13:19:31,-3.8667,30.1,72.03,35,62,5.5,broken clouds
370,Bahia Blanca,AR,2022-06-23 13:39:38,-38.7196,-62.2724,42.67,59,100,4.63,overcast clouds
371,Carballo,ES,2022-06-23 13:39:39,43.213,-8.691,67.91,82,85,6.55,overcast clouds
372,Hobyo,SO,2022-06-23 13:39:39,5.3505,48.5268,79.88,71,100,24.52,light rain
373,Senneterre,CA,2022-06-23 13:39:40,48.3835,-77.2328,63.82,54,0,4.74,clear sky
374,Margate,GB,2022-06-23 13:39:40,51.3813,1.3862,75.11,77,9,6.64,clear sky
375,Manggar,ID,2022-06-23 13:39:41,-2.8833,108.2667,80.28,82,100,8.52,overcast clouds
376,Lazaro Cardenas,MX,2022-06-23 13:39:11,17.9583,-102.2,75.69,88,100,5.35,overcast clouds
377,Lorengau,PG,2022-06-23 13:39:41,-2.0226,147.2712,82.06,74,100,7.72,overcast clouds
378,Porterville,US,2022-06-23 13:35:24,36.0652,-119.0168,77.76,53,0,3.33,clear sky
379,Tezu,IN,2022-06-23 13:39:42,27.9167,96.1667,76.82,97,89,3.36,overcast clouds
380,Rock Sound,BS,2022-06-23 13:39:42,24.9,-76.2,78.6,68,100,6.42,overcast clouds
381,Shetpe,KZ,2022-06-23 13:39:43,44.1667,52.1167,91.45,21,66,14.12,broken clouds
382,Adelaide,AU,2022-06-23 13:35:51,-34.9333,138.6,60.93,64,0,16.11,clear sky
383,Ulladulla,AU,2022-06-23 13:39:43,-35.35,150.4667,55.8,68,54,11.12,broken clouds
384,Petauke,ZM,2022-06-23 13:39:44,-14.2426,31.3253,73.9,31,6,5.99,clear sky
385,Kaeo,NZ,2022-06-23 13:39:44,-35.1,173.7833,53.33,95,96,7.83,overcast clouds
386,Inuvik,CA,2022-06-23 13:39:44,68.3499,-133.7218,57.96,56,75,4.61,broken clouds
387,Tazovskiy,RU,2022-06-23 13:39:45,67.4667,78.7,77.14,35,44,10.98,scattered clouds
388,Itarema,BR,2022-06-23 13:39:45,-2.9248,-39.9167,82.98,66,61,11.99,broken clouds
389,Celestun,MX,2022-06-23 13:39:45,20.8667,-90.4,80.24,73,49,6.89,scattered clouds
390,High Level,CA,2022-06-23 13:39:46,58.5169,-117.136,53.71,94,75,5.75,broken clouds
391,Mongu,ZM,2022-06-23 13:39:46,-15.2484,23.1274,82.24,17,8,4.94,clear sky
392,Avanigadda,IN,2022-06-23 13:39:46,16.0215,80.9181,86.97,64,97,9.01,overcast clouds
393,Akonolinga,CM,2022-06-23 13:39:47,3.7667,12.25,85.8,48,87,1.45,overcast clouds
394,Amuntai,ID,2022-06-23 13:39:47,-2.4177,115.2494,74.23,98,100,2.91,light rain
395,Ambon,ID,2022-06-23 13:39:48,-3.6954,128.1814,77.14,16,40,8.05,scattered clouds
396,Babu,CN,2022-06-23 13:39:48,24.4167,111.5167,78.69,84,100,2.21,overcast clouds
397,Acajutla,SV,2022-06-23 13:39:49,13.5928,-89.8275,80.71,67,93,2.84,overcast clouds
398,Antofagasta,CL,2022-06-23 13:39:49,-23.65,-70.4,56.48,53,100,3.91,overcast clouds
399,Charlottetown,CA,2022-06-23 13:39:11,46.2352,-63.1267,66.56,72,20,6.91,few clouds
400,Pamanukan,ID,2022-06-23 13:39:50,-6.2842,107.8106,76.8,85,100,5.48,overcast clouds
401,Khuzhir,RU,2022-06-23 13:39:50,53.1939,107.3397,51.51,74,100,5.99,overcast clouds
402,Svetlaya,RU,2022-06-23 13:39:50,46.5389,138.3297,53.55,99,100,6.8,overcast clouds
403,Kaitangata,NZ,2022-06-23 13:39:51,-46.2817,169.8464,34.68,69,0,5.37,clear sky
404,Sao Joao Dos Patos,BR,2022-06-23 13:39:51,-6.495,-43.7022,80.89,55,99,9.31,overcast clouds
405,Marsaxlokk,MT,2022-06-23 13:39:51,35.8419,14.5431,90.21,35,0,12.66,clear sky
406,Illapel,CL,2022-06-23 13:39:52,-31.6308,-71.1653,58.42,58,100,8.21,overcast clouds
407,Pontal Do Parana,BR,2022-06-23 13:36:13,-25.6533,-48.5128,78.76,55,1,4.36,clear sky
408,Tornio,FI,2022-06-23 13:39:52,65.8481,24.1466,57.22,77,54,13.13,broken clouds
409,Mercedes,AR,2022-06-23 13:39:53,-34.6515,-59.4307,45.64,58,7,9.57,clear sky
410,Vanimo,PG,2022-06-23 13:39:53,-2.6741,141.3028,79.63,85,60,4.76,broken clouds
411,Belaya Gora,RU,2022-06-23 13:39:53,68.5333,146.4167,41.92,44,38,10.54,scattered clouds
412,Zelenyy Bor,RU,2022-06-23 13:39:54,53.6667,91.6667,87.82,58,17,4.99,few clouds
413,Los Chiles,CR,2022-06-23 13:39:54,11.0333,-84.7167,76.46,90,83,4.41,broken clouds
414,Hualmay,PE,2022-06-23 13:39:54,-11.0964,-77.6139,63.39,75,63,9.91,broken clouds
415,Verkhnyaya Toyma,RU,2022-06-23 13:39:55,62.2349,44.9985,70.07,37,19,9.22,few clouds
416,Harper,LR,2022-06-23 13:39:55,4.375,-7.7169,77.83,85,100,9.42,light rain
417,Chapais,CA,2022-06-23 13:40:56,49.7834,-74.8492,53.38,47,28,4.97,scattered clouds
418,Hay River,CA,2022-06-23 13:40:56,60.8156,-115.7999,53.56,71,40,4.61,scattered clouds
419,Kodinsk,RU,2022-06-23 13:40:57,58.6881,99.1844,64.04,60,35,3.06,scattered clouds
420,Kuching,MY,2022-06-23 13:39:08,1.55,110.3333,77.22,94,20,3.44,light rain
421,Balykshi,KZ,2022-06-23 13:40:57,47.0667,51.8667,100.4,15,0,8.95,clear sky
422,Saint-Joseph,RE,2022-06-23 13:40:58,-21.3667,55.6167,68.38,73,94,13.96,overcast clouds
423,Souillac,MU,2022-06-23 13:40:03,-20.5167,57.5167,70.18,78,75,16.11,broken clouds
424,Santa Cruz,BO,2022-06-23 13:40:58,-17.8,-63.1667,66.25,48,75,16.11,broken clouds
425,Zuenoula,CI,2022-06-23 13:40:59,7.4292,-6.0431,81.21,78,98,3.0,light rain
426,Panama City,PA,2022-06-23 13:38:16,8.9936,-79.5197,84.43,86,75,6.91,broken clouds
427,Kalakamati,BW,2022-06-23 13:40:59,-20.5929,27.3121,72.86,24,0,2.17,clear sky
428,Buala,SB,2022-06-23 13:41:00,-8.145,159.5921,79.47,83,34,6.67,light rain
429,Progreso,MX,2022-06-23 13:41:00,21.2833,-89.6667,82.11,73,15,5.55,few clouds
430,Buin,CL,2022-06-23 13:41:01,-33.7333,-70.75,52.74,92,100,4.52,light rain
431,Bangassou,CF,2022-06-23 13:41:01,4.7413,22.8184,84.0,64,100,2.89,overcast clouds
432,Marzuq,YE,2022-06-23 13:41:02,14.4,46.4667,92.07,31,93,14.14,overcast clouds
433,Eureka,US,2022-06-23 13:41:02,40.8021,-124.1637,55.2,84,3,1.01,clear sky
434,Dryden,CA,2022-06-23 13:38:30,49.7833,-92.7503,68.29,73,40,3.44,scattered clouds
435,Dolinsk,RU,2022-06-23 13:41:03,47.35,142.8,53.56,99,100,6.62,overcast clouds
436,Bitung,ID,2022-06-23 13:41:03,1.4451,125.1824,76.05,79,8,2.28,clear sky
437,Saint Anthony,US,2022-06-23 13:41:04,45.0205,-93.218,78.22,58,0,9.22,clear sky
438,Umea,SE,2022-06-23 13:41:04,63.8284,20.2597,66.13,77,75,12.66,broken clouds
439,Najran,SA,2022-06-23 13:41:05,17.4924,44.1277,102.85,8,46,14.83,scattered clouds
440,Cabedelo,BR,2022-06-23 13:41:05,-6.9811,-34.8339,81.27,75,47,13.0,scattered clouds
441,Coihaique,CL,2022-06-23 13:39:01,-45.5752,-72.0662,13.95,92,0,3.44,clear sky
442,Mareeba,AU,2022-06-23 13:41:06,-17.0,145.4333,65.12,98,11,2.26,few clouds
443,Mount Gambier,AU,2022-06-23 13:41:06,-37.8333,140.7667,53.51,94,75,6.91,shower rain
444,Birao,CF,2022-06-23 13:41:07,10.2849,22.7882,96.73,32,13,7.81,few clouds
445,Batemans Bay,AU,2022-06-23 13:41:07,-35.7167,150.1833,51.1,81,83,7.02,broken clouds
446,Pringsewu,ID,2022-06-23 13:41:07,-5.3582,104.9744,73.58,97,100,0.27,overcast clouds
447,Tura,IN,2022-06-23 13:37:13,25.5198,90.2201,74.53,96,32,6.15,scattered clouds
448,Suluq,LY,2022-06-23 13:41:08,31.6682,20.2521,93.6,27,0,19.71,clear sky
449,Petionville,HT,2022-06-23 13:41:09,18.5125,-72.2853,80.29,74,40,8.05,scattered clouds
450,San Jose,US,2022-06-23 13:40:44,37.3394,-121.895,66.2,76,20,6.91,few clouds
451,Balagansk,RU,2022-06-23 13:41:09,54.0103,103.0544,60.28,89,94,6.89,overcast clouds
452,Canicatti,IT,2022-06-23 13:41:10,37.3589,13.8504,101.88,17,2,13.58,clear sky
453,Alta Floresta,BR,2022-06-23 13:41:10,-9.8756,-56.0861,84.02,58,0,3.44,clear sky
454,Nemuro,JP,2022-06-23 13:41:11,43.3236,145.575,52.56,95,100,12.12,light rain
455,Mitu,CO,2022-06-23 13:41:11,1.1983,-70.1733,77.02,88,56,1.05,broken clouds
456,Zabid,YE,2022-06-23 13:41:12,14.1951,43.3152,98.64,30,59,13.33,light rain
457,Moerai,PF,2022-06-23 13:41:12,-22.4333,-151.3333,77.5,83,68,22.41,broken clouds
458,Muros,ES,2022-06-23 13:41:13,42.7762,-9.0603,68.16,75,29,8.32,scattered clouds
459,Haines Junction,CA,2022-06-23 13:41:13,60.7522,-137.5108,51.75,93,100,1.14,overcast clouds
460,Bandar,ID,2022-06-23 13:41:13,2.05,99.75,74.5,98,100,1.97,overcast clouds
461,Petropavlovsk-Kamchatskiy,RU,2022-06-23 13:41:14,53.0452,158.6483,46.99,100,6,6.71,clear sky
462,Rawson,AR,2022-06-23 13:42:14,-43.3002,-65.1023,36.64,48,5,6.53,clear sky
463,Waddan,LY,2022-06-23 13:42:15,29.1614,16.139,98.87,10,0,7.27,clear sky
464,San Gabriel Casa Blanca,MX,2022-06-23 13:42:15,18.15,-97.1333,69.12,80,100,2.93,overcast clouds
465,Macamic,CA,2022-06-23 13:42:16,48.7502,-78.9996,62.85,64,0,3.91,clear sky
466,Cortez,US,2022-06-23 13:42:16,37.3489,-108.5859,64.04,77,20,0.0,few clouds
467,Isla Vista,US,2022-06-23 13:42:17,34.4133,-119.861,58.89,94,100,3.44,mist
468,Westport,US,2022-06-23 13:42:17,41.1415,-73.3579,70.9,88,100,12.66,overcast clouds
469,Galashki,RU,2022-06-23 13:42:18,43.1136,44.9894,72.55,91,100,4.79,light rain
470,Swindon,GB,2022-06-23 13:41:13,51.558,-1.7812,72.07,72,100,5.75,light rain
471,Alice Springs,AU,2022-06-23 13:42:18,-23.7,133.8833,47.75,66,0,3.44,clear sky
472,Klaksvik,FO,2022-06-23 13:42:19,62.2266,-6.589,50.92,96,100,6.26,overcast clouds
473,Roald,NO,2022-06-23 13:42:19,62.5833,6.1333,72.16,82,40,25.32,scattered clouds
474,Gambiran,ID,2022-06-23 13:42:20,-6.7988,111.4951,75.63,89,100,4.12,overcast clouds
475,Aioi,JP,2022-06-23 13:42:20,34.8036,134.4681,77.34,94,94,5.08,overcast clouds
476,Villers-Les-Nancy,FR,2022-06-23 13:42:21,48.671,6.1508,83.93,47,0,4.61,clear sky
477,Cururupu,BR,2022-06-23 13:42:21,-1.8283,-44.8683,84.38,65,40,6.6,scattered clouds
478,Kenai,US,2022-06-23 13:40:00,60.5544,-151.2583,54.14,88,0,5.75,clear sky
479,Baillif,GP,2022-06-23 13:42:22,16.0202,-61.7463,83.7,67,4,10.83,clear sky
480,Zaragoza,ES,2022-06-23 13:37:52,41.6561,-0.8773,86.45,23,40,17.27,scattered clouds
481,Bud,US,2022-06-23 13:42:22,39.447,-86.1758,79.2,59,0,8.37,clear sky
482,Nouadhibou,MR,2022-06-23 13:42:23,20.931,-17.0347,82.38,54,0,13.8,clear sky
483,Mahibadhoo,MV,2022-06-23 13:42:23,3.7833,72.9667,83.21,70,57,7.85,broken clouds
484,Juneau,US,2022-06-23 13:42:23,58.3019,-134.4197,52.21,95,75,0.0,broken clouds
485,Abu Samrah,SY,2022-06-23 13:42:24,35.3029,37.1841,92.93,19,0,19.1,clear sky
486,Sobolevo,RU,2022-06-23 13:42:24,54.4299,31.8996,71.64,64,0,7.29,clear sky
487,Qasigiannguit,GL,2022-06-23 13:42:25,68.8193,-51.1922,39.45,93,100,2.77,light rain
488,Kariba,ZW,2022-06-23 13:42:25,-16.5167,28.8,74.89,47,0,5.75,clear sky
489,Ishigaki,JP,2022-06-23 13:42:26,24.3448,124.1572,82.53,94,2,4.61,clear sky
490,Helong,CN,2022-06-23 13:42:26,42.5397,128.9972,63.48,99,100,1.36,overcast clouds
491,Osa,RU,2022-06-23 13:42:27,57.2829,55.4567,66.36,75,75,6.58,broken clouds
492,Yar-Sale,RU,2022-06-23 13:42:27,66.8333,70.8333,77.47,52,44,5.1,light rain
493,Lao Cai,VN,2022-06-23 13:42:27,22.4833,103.95,76.01,88,100,1.19,overcast clouds
494,Nicoya,CR,2022-06-23 13:42:28,10.1483,-85.452,78.46,81,81,3.36,broken clouds
495,Semey,KZ,2022-06-23 13:42:28,50.4111,80.2275,91.62,24,0,11.18,clear sky
496,Payson,US,2022-06-23 13:42:29,40.0444,-111.7321,74.41,45,75,11.5,broken clouds
497,Tukrah,LY,2022-06-23 13:42:29,32.5341,20.5791,83.48,55,0,9.35,clear sky
498,Thinadhoo,MV,2022-06-23 13:42:30,0.5333,72.9333,83.66,69,30,3.06,scattered clouds
499,Dongkan,CN,2022-06-23 13:42:30,33.9997,119.8308,78.73,90,98,8.66,overcast clouds
500,La Romana,DO,2022-06-23 13:42:30,18.4273,-68.9728,84.56,79,40,0.0,scattered clouds
501,Seoul,KR,2022-06-23 13:37:54,37.5683,126.9778,74.8,94,100,14.97,heavy intensity rain
502,Hervey Bay,AU,2022-06-23 13:42:31,-25.2986,152.8535,59.02,90,0,5.01,clear sky
503,Broome,US,2022-06-23 13:42:31,42.2506,-75.833,64.89,86,100,8.05,overcast clouds
504,Laramie,US,2022-06-23 13:42:32,41.3114,-105.5911,70.54,41,0,8.05,clear sky
505,Novobirilyussy,RU,2022-06-23 13:42:32,56.9514,90.6661,60.93,98,93,1.54,light rain
506,Bilibino,RU,2022-06-23 13:42:33,68.0546,166.4372,52.77,60,82,5.48,broken clouds
507,Asfi,MA,2022-06-23 13:42:33,32.2994,-9.2372,69.46,64,0,14.14,clear sky
508,Colares,PT,2022-06-23 13:42:34,38.7992,-9.4469,77.32,61,40,15.99,scattered clouds
509,Vila Franca Do Campo,PT,2022-06-23 13:43:34,37.7167,-25.4333,68.2,79,54,9.31,light rain
510,Neuquen,AR,2022-06-23 13:39:13,-38.9516,-68.0591,39.09,81,100,8.05,light intensity drizzle
511,Tikrit,IQ,2022-06-23 13:43:35,34.6071,43.6782,102.99,12,0,17.13,clear sky
512,Dali,CN,2022-06-23 13:43:35,25.7,100.1833,65.08,90,100,4.23,moderate rain
513,Alto Araguaia,BR,2022-06-23 13:43:36,-17.3147,-53.2153,80.42,33,97,7.18,overcast clouds
514,Rodrigues Alves,BR,2022-06-23 13:43:36,-7.738,-72.6509,77.2,63,52,2.26,broken clouds
515,Half Moon Bay,US,2022-06-23 13:43:37,37.4636,-122.4286,66.25,87,100,10.36,fog
516,Qinhuangdao,CN,2022-06-23 13:43:37,39.9317,119.5883,75.61,64,68,7.81,broken clouds
517,Kachiry,KZ,2022-06-23 13:43:37,53.0675,76.1036,75.34,50,89,12.28,overcast clouds
518,Kichmengskiy Gorodok,RU,2022-06-23 13:43:38,59.9816,45.7854,69.87,45,8,7.45,clear sky
519,Aleksandrovskoye,RU,2022-06-23 13:43:38,44.7142,43.0008,65.17,73,99,13.35,overcast clouds
520,Almaznyy,RU,2022-06-23 13:43:39,48.0448,40.045,71.98,43,4,11.45,clear sky
521,Certegui,CO,2022-06-23 13:43:39,5.3707,-76.6044,79.9,83,79,1.63,broken clouds
522,Ixtapa,MX,2022-06-23 13:39:09,20.7,-105.2,78.22,94,100,4.61,overcast clouds
523,Santiago De Cao,PE,2022-06-23 13:43:40,-7.9589,-79.2392,59.13,88,23,8.05,mist
524,Concarneau,FR,2022-06-23 13:43:40,47.875,-3.9225,69.82,75,12,11.36,few clouds
525,Oussouye,SN,2022-06-23 13:43:41,12.485,-16.5469,84.38,53,100,4.83,overcast clouds
526,Zambezi,ZM,2022-06-23 13:43:41,-13.5432,23.1047,82.35,18,0,6.85,clear sky
527,Boden,SE,2022-06-23 13:43:42,65.8252,21.6886,66.2,36,52,11.48,broken clouds
528,Calvia,ES,2022-06-23 13:43:42,39.5657,2.5062,86.92,52,0,12.77,clear sky
529,Visnes,NO,2022-06-23 13:43:42,59.3556,5.2242,64.81,88,75,17.27,broken clouds
530,Matay,EG,2022-06-23 13:43:43,28.419,30.7792,99.7,14,0,15.48,clear sky
531,Pemangkat,ID,2022-06-23 13:43:43,1.1667,108.9667,80.65,78,100,6.73,moderate rain
532,Houston,US,2022-06-23 13:38:45,29.7633,-95.3633,85.32,78,0,12.66,clear sky
533,Aitape,PG,2022-06-23 13:43:44,-3.1374,142.3475,79.02,85,46,4.0,scattered clouds
534,Kalianget,ID,2022-06-23 13:43:44,-7.05,113.9333,81.37,77,36,13.31,scattered clouds
535,Tabou,CI,2022-06-23 13:43:45,4.423,-7.3528,76.28,90,100,7.14,moderate rain
536,Caxito,AO,2022-06-23 13:43:45,-8.5785,13.6643,86.7,46,0,7.7,clear sky
537,Urumqi,CN,2022-06-23 13:43:45,43.801,87.6005,94.15,17,0,6.71,clear sky
538,Tanete,ID,2022-06-23 13:43:46,-3.9443,119.7848,74.48,96,98,4.68,overcast clouds
539,Puerto Baquerizo Moreno,EC,2022-06-23 13:40:09,-0.9,-89.6,70.45,88,92,10.36,overcast clouds
540,Multan,PK,2022-06-23 13:43:46,30.1956,71.4753,96.69,28,0,4.61,haze
541,Praya,CV,2022-06-23 13:43:46,14.9215,-23.5087,82.94,65,40,18.41,scattered clouds
542,Ossora,RU,2022-06-23 13:43:47,59.2353,163.0719,47.53,93,100,5.37,overcast clouds
543,Dicabisagan,PH,2022-06-23 13:43:47,17.0818,122.4157,77.95,86,100,3.0,overcast clouds
544,Graaff-Reinet,ZA,2022-06-23 13:43:47,-32.2522,24.5308,52.92,81,100,10.76,light rain
545,Caraballeda,VE,2022-06-23 13:43:48,10.6112,-66.8522,88.86,67,20,4.61,few clouds
546,Yuanping,CN,2022-06-23 13:43:48,38.7153,112.7575,77.14,30,0,8.41,clear sky
547,Soe,ID,2022-06-23 13:43:49,-9.8607,124.284,66.13,86,100,6.22,overcast clouds
548,Bayangol,RU,2022-06-23 13:43:49,50.6977,103.4656,58.1,66,46,2.75,scattered clouds
549,Adiake,CI,2022-06-23 13:43:50,5.2863,-3.304,81.21,71,78,9.17,light rain
550,Coolum Beach,AU,2022-06-23 13:43:50,-26.5333,153.1,57.22,96,10,3.44,clear sky
551,Portland,US,2022-06-23 13:43:44,45.5234,-122.6762,52.75,88,40,4.61,scattered clouds
552,Contramaestre,CU,2022-06-23 13:43:51,20.2978,-76.2414,81.59,75,93,4.21,overcast clouds
553,Osterburg,DE,2022-06-23 13:43:51,52.7833,11.7667,89.22,25,3,8.1,clear sky
554,Ust-Ordynskiy,RU,2022-06-23 13:43:52,52.805,104.7508,58.3,96,100,6.73,overcast clouds
555,Caala,AO,2022-06-23 13:43:52,-12.8525,15.5606,78.93,17,3,4.05,clear sky
556,Koplik,AL,2022-06-23 13:43:53,42.2136,19.4364,91.0,49,100,7.25,overcast clouds
557,Havelock,US,2022-06-23 13:44:53,34.8791,-76.9013,78.78,90,100,3.0,overcast clouds
558,Pochutla,MX,2022-06-23 13:44:54,15.7432,-96.4661,72.82,80,100,2.17,overcast clouds
559,Buraydah,SA,2022-06-23 13:44:54,26.326,43.975,108.05,7,3,8.3,clear sky
560,Constitucion,CL,2022-06-23 13:44:55,-35.3333,-72.4167,54.5,91,100,27.31,overcast clouds
561,San Rafael,AR,2022-06-23 13:44:55,-34.6177,-68.3301,38.8,62,55,3.22,broken clouds
562,Jieshi,CN,2022-06-23 13:44:55,22.8134,115.8257,82.9,81,0,3.8,clear sky
563,Point Fortin,TT,2022-06-23 13:44:56,10.1833,-61.6833,84.88,74,95,11.25,overcast clouds
564,Garowe,SO,2022-06-23 13:44:56,8.4054,48.4845,83.82,47,100,23.96,overcast clouds
565,Puerto Del Rosario,ES,2022-06-23 13:44:57,28.5004,-13.8627,76.75,57,20,17.27,few clouds
566,Lufilufi,WS,2022-06-23 13:44:57,-13.8745,-171.5986,73.18,78,25,17.02,light rain
567,Pustoshka,RU,2022-06-23 13:44:58,56.3355,29.369,75.22,38,93,5.39,overcast clouds
568,Bageshwar,IN,2022-06-23 13:44:58,29.85,79.7667,80.74,48,76,1.25,broken clouds
569,Selcuk,TR,2022-06-23 13:44:59,37.9514,27.3685,96.94,31,1,10.94,clear sky
570,Grand Baie,MU,2022-06-23 13:44:59,-20.0182,57.5802,70.27,78,52,3.0,broken clouds
571,Bacolod,PH,2022-06-23 13:45:00,10.6667,122.95,79.32,84,98,3.76,overcast clouds
572,Winnemucca,US,2022-06-23 13:45:00,40.973,-117.7357,66.25,34,0,10.36,haze
573,Smithers,CA,2022-06-23 13:44:17,54.7804,-127.1743,46.72,76,75,5.75,broken clouds
574,Cagliari,IT,2022-06-23 13:45:01,39.245,9.0912,95.09,57,0,13.8,clear sky
575,Fayaoue,NC,2022-06-23 13:45:01,-20.65,166.5333,74.34,65,100,11.45,overcast clouds
576,Biltine,TD,2022-06-23 13:45:01,14.5333,20.9167,104.49,10,6,7.56,clear sky
577,Mukhen,RU,2022-06-23 13:45:02,48.1,136.1,62.96,98,100,3.31,overcast clouds
578,Kendari,ID,2022-06-23 13:45:02,-3.945,122.4989,73.81,95,86,2.17,overcast clouds
579,Namatanai,PG,2022-06-23 13:45:03,-3.6667,152.4333,79.11,83,82,6.29,broken clouds
580,Alyangula,AU,2022-06-23 13:45:03,-13.8483,136.4192,71.02,68,7,12.46,clear sky
581,Guerrero Negro,MX,2022-06-23 13:45:04,27.9769,-114.0611,68.36,77,8,9.78,clear sky
582,Parabel,RU,2022-06-23 13:45:04,58.6978,81.4825,65.44,83,89,4.14,light rain
583,Khani,GE,2022-06-23 13:45:04,41.9563,42.9566,62.17,59,61,6.22,broken clouds
584,Ostrovnoy,RU,2022-06-23 13:45:05,68.0531,39.5131,61.5,62,100,16.28,overcast clouds
585,Atikokan,CA,2022-06-23 13:45:05,48.7555,-91.6216,73.83,54,5,11.83,clear sky
586,Jiexiu,CN,2022-06-23 13:45:06,37.0244,111.9125,82.9,29,0,5.79,clear sky
587,Ihtiman,BG,2022-06-23 13:45:06,42.4333,23.8167,83.16,46,44,8.01,scattered clouds
588,Oyotun,PE,2022-06-23 13:45:06,-6.8519,-79.3036,73.42,65,82,4.85,broken clouds
589,Pouembout,NC,2022-06-23 13:45:07,-21.1333,164.9,67.73,81,100,5.14,overcast clouds
590,Birjand,IR,2022-06-23 13:45:07,32.8663,59.2211,100.87,4,20,13.8,few clouds
591,Xinan,CN,2022-06-23 13:45:08,26.72,119.8556,76.17,96,43,1.74,scattered clouds
592,Kanakapura,IN,2022-06-23 13:45:08,12.55,77.4167,79.47,65,68,8.95,broken clouds
593,Danjiangkou,CN,2022-06-23 13:45:09,32.5428,111.5086,80.85,78,7,3.2,clear sky
594,Iwanai,JP,2022-06-23 13:45:09,42.9744,140.5089,59.77,98,100,9.19,heavy intensity rain
595,Pacific Grove,US,2022-06-23 13:41:15,36.6177,-121.9166,54.52,95,40,5.75,scattered clouds
596,Ignacio De La Llave,MX,2022-06-23 13:45:10,18.7167,-95.9833,74.77,90,100,4.5,overcast clouds
597,Diego De Almagro,CL,2022-06-23 13:44:07,-26.3667,-70.05,54.12,34,37,1.01,scattered clouds
598,Andra,RU,2022-06-23 13:45:11,62.5147,65.8878,70.05,79,99,8.03,light rain
599,Nizwa,OM,2022-06-23 13:45:11,22.9333,57.5333,87.17,51,89,17.85,light rain
600,Shingu,JP,2022-06-23 13:45:11,33.7333,135.9833,75.04,96,65,6.26,broken clouds
601,Atambua,ID,2022-06-23 13:45:12,-9.1061,124.8925,72.52,80,95,6.82,overcast clouds
602,Mount Isa,AU,2022-06-23 13:45:12,-20.7333,139.5,62.37,45,0,5.75,clear sky
603,Doctor Arroyo,MX,2022-06-23 13:46:13,23.6667,-100.1833,62.01,75,30,0.13,scattered clouds
604,Cooma,AU,2022-06-23 13:46:13,-36.2333,149.1333,43.0,84,66,9.48,broken clouds
605,Kurchum,KZ,2022-06-23 13:46:14,48.5722,83.6542,82.54,49,100,18.59,overcast clouds
606,Kavaratti,IN,2022-06-23 13:46:14,10.5669,72.642,82.06,81,100,24.45,overcast clouds
607,Aleksandrov Gay,RU,2022-06-23 13:46:15,50.147,48.5704,73.89,72,100,22.21,light rain
608,Carutapera,BR,2022-06-23 13:46:15,-1.195,-46.02,84.49,64,92,7.25,overcast clouds
609,Synya,RU,2022-06-23 13:46:15,65.3718,58.0387,47.44,95,100,3.85,light rain
610,Naze,JP,2022-06-23 13:46:16,28.3667,129.4833,77.92,91,10,10.69,clear sky
611,Codrington,AU,2022-06-23 13:46:16,-38.2667,141.9667,54.55,90,100,17.67,light rain
612,Swellendam,ZA,2022-06-23 13:46:17,-34.0226,20.4417,54.81,93,82,18.28,moderate rain
613,Gat,IL,2022-06-23 13:46:17,31.61,34.7642,90.39,40,0,14.2,clear sky
614,Saint-Michel-Des-Saints,CA,2022-06-23 13:46:18,46.6834,-73.9159,58.93,99,100,6.6,overcast clouds
615,Timizart,DZ,2022-06-23 13:46:18,36.8,4.2667,85.77,45,23,7.65,few clouds
616,Fort Nelson,CA,2022-06-23 13:44:17,58.8053,-122.7002,53.19,87,75,10.36,broken clouds
617,Tashla,RU,2022-06-23 13:46:19,51.7716,52.7427,86.11,50,74,10.63,broken clouds
618,Maine-Soroa,NE,2022-06-23 13:46:19,13.2114,12.0241,102.42,20,0,8.12,clear sky
619,Pakokku,MM,2022-06-23 13:46:20,21.3333,95.1,88.95,52,100,16.35,overcast clouds
620,Fuyang,CN,2022-06-23 13:46:20,32.9,115.8167,77.95,92,100,9.42,overcast clouds
621,Bubaque,GW,2022-06-23 13:46:20,11.2833,-15.8333,79.66,77,100,4.0,overcast clouds
622,Mali,GN,2022-06-23 13:46:21,12.079,-12.2982,77.56,50,84,1.43,broken clouds
623,Matam,SN,2022-06-23 13:46:21,15.6175,-13.3303,98.94,33,93,5.23,overcast clouds
624,Sinnamary,GF,2022-06-23 13:46:22,5.3833,-52.95,80.94,79,53,4.25,broken clouds
625,Safaga,EG,2022-06-23 13:46:22,26.7292,33.9365,87.37,48,0,18.12,clear sky
626,Banepa,NP,2022-06-23 13:46:23,27.6298,85.5214,75.52,78,75,6.91,broken clouds
627,Sola,VU,2022-06-23 13:46:23,-13.8833,167.55,79.72,79,90,15.39,overcast clouds
628,Maldonado,UY,2022-06-23 13:41:59,-34.6667,-54.9167,49.39,84,100,7.23,overcast clouds
629,Manuk Mangkaw,PH,2022-06-23 13:46:24,4.8,119.85,83.79,74,99,8.93,overcast clouds
630,Weligama,LK,2022-06-23 13:46:24,5.9667,80.4167,79.84,84,10,9.46,clear sky
631,Devils Lake,US,2022-06-23 13:43:56,48.1128,-98.8651,72.95,66,0,10.36,clear sky
632,Macedo De Cavaleiros,PT,2022-06-23 13:46:25,41.5382,-6.9611,62.73,65,100,12.46,overcast clouds
633,Majene,ID,2022-06-23 13:46:25,-3.5403,118.9707,78.22,88,100,10.29,overcast clouds
634,La Primavera,CO,2022-06-23 13:46:26,5.4906,-70.4092,81.75,76,51,3.0,broken clouds
635,Doha,QA,2022-06-23 13:46:26,25.2867,51.5333,106.11,66,0,12.66,haze
636,Saint-Georges,GD,2022-06-23 13:46:27,12.0564,-61.7485,83.88,74,20,19.57,few clouds
637,Hirara,JP,2022-06-23 13:46:27,24.8,125.2833,83.68,85,0,11.16,clear sky
638,Yenagoa,NG,2022-06-23 13:46:28,4.9247,6.2642,81.81,78,73,4.72,moderate rain
639,Joshimath,IN,2022-06-23 13:46:28,30.5667,79.5667,72.32,76,68,2.24,broken clouds
640,Poum,NC,2022-06-23 13:46:28,-20.2333,164.0167,73.49,64,100,8.1,overcast clouds
641,Mayo,US,2022-06-23 13:46:29,38.8876,-76.5119,67.03,95,100,5.75,moderate rain
642,Yumen,CN,2022-06-23 13:46:29,40.2833,97.2,85.28,11,0,20.78,clear sky
643,Lasa,IT,2022-06-23 13:46:30,46.6166,10.7002,80.69,53,72,5.32,broken clouds
644,Saltillo,MX,2022-06-23 13:41:37,25.4167,-101.0,67.28,51,0,3.0,clear sky
645,Marabba,SD,2022-06-23 13:46:30,12.35,32.1833,103.26,20,33,4.72,scattered clouds
646,Rioblanco,CO,2022-06-23 13:46:31,3.5308,-75.6806,68.43,74,46,2.48,scattered clouds
647,Rio Grande,BR,2022-06-23 13:46:31,-32.035,-52.0986,55.51,89,98,13.56,overcast clouds
648,Te Anau,NZ,2022-06-23 13:47:32,-45.4167,167.7167,36.66,91,79,1.92,broken clouds
649,Aksarka,RU,2022-06-23 13:47:32,66.5606,67.7975,64.85,90,99,5.12,moderate rain
650,Mishelevka,RU,2022-06-23 13:47:33,52.8575,103.1719,58.87,98,76,3.87,broken clouds
651,Siloam Springs,US,2022-06-23 13:42:40,36.1881,-94.5405,82.42,94,0,5.75,clear sky
652,Mizdah,LY,2022-06-23 13:47:33,31.4451,12.9801,98.22,10,0,9.82,clear sky
653,Berbera,SO,2022-06-23 13:47:34,10.4396,45.0143,94.08,44,61,6.71,broken clouds
654,Cedar Rapids,US,2022-06-23 13:45:09,42.0083,-91.6441,78.91,64,0,5.99,clear sky
655,Wundanyi,KE,2022-06-23 13:47:35,-3.4019,38.364,68.63,46,100,16.04,overcast clouds
656,Korla,CN,2022-06-23 13:47:35,41.7597,86.1469,94.91,13,72,6.51,broken clouds
657,Port Augusta,AU,2022-06-23 13:47:35,-32.5,137.7667,54.72,55,0,11.43,clear sky
658,Kilrush,IE,2022-06-23 13:47:36,52.6397,-9.4833,62.35,72,99,9.35,overcast clouds
659,Trussville,US,2022-06-23 13:42:58,33.6198,-86.6089,86.74,73,40,0.0,scattered clouds
660,Lar,IN,2022-06-23 13:47:36,26.2039,83.9717,96.69,38,40,1.66,scattered clouds
661,Yining,CN,2022-06-23 13:47:37,29.0361,114.5636,79.93,87,100,3.2,overcast clouds
662,Gao,ML,2022-06-23 13:47:37,16.6362,1.637,102.15,21,9,3.44,clear sky
663,Mounana,GA,2022-06-23 13:47:38,-1.4085,13.1586,82.31,63,82,3.53,light rain
664,Mount Darwin,ZW,2022-06-23 13:47:38,-16.7725,31.5838,72.99,32,5,6.67,clear sky
665,Samut Prakan,TH,2022-06-23 13:46:28,13.5,100.45,89.1,74,100,14.12,overcast clouds
666,Marsala,IT,2022-06-23 13:47:39,37.7966,12.4352,100.94,74,0,11.5,clear sky
667,Sant Julia De Loria,AD,2022-06-23 13:47:39,42.4625,1.4825,77.27,45,40,12.66,scattered clouds
668,Sri Aman,MY,2022-06-23 13:47:40,1.2376,111.4621,78.85,94,100,0.0,overcast clouds
669,Gornopravdinsk,RU,2022-06-23 13:47:40,60.05,69.9,68.27,73,82,5.08,broken clouds
670,Killybegs,IE,2022-06-23 13:47:40,54.6333,-8.45,60.51,76,98,5.12,overcast clouds
671,The Valley,AI,2022-06-23 13:47:41,18.217,-63.0578,85.86,74,40,11.5,scattered clouds
672,Santa Isabel,BR,2022-06-23 13:47:42,-23.3156,-46.2214,76.3,44,0,3.36,clear sky
673,Kushchevskaya,RU,2022-06-23 13:47:42,46.5564,39.6386,73.65,39,97,11.86,overcast clouds
674,General Roca,AR,2022-06-23 13:47:42,-39.0333,-67.5833,39.61,71,100,9.24,overcast clouds
675,Raudeberg,NO,2022-06-23 13:47:43,61.9875,5.1352,59.95,92,95,26.6,light rain
676,Camp Verde,US,2022-06-23 13:47:43,34.5636,-111.8543,81.27,33,2,1.34,clear sky
677,Allapalli,IN,2022-06-23 13:47:44,19.4167,80.0667,80.29,85,66,3.13,moderate rain
678,Patos De Minas,BR,2022-06-23 13:44:37,-18.5789,-46.5181,76.42,35,79,7.67,broken clouds
679,Areosa,PT,2022-06-23 13:47:44,41.7178,-8.8571,64.56,73,57,6.58,broken clouds
680,Glenwood Springs,US,2022-06-23 13:47:44,39.5505,-107.3248,66.07,61,0,5.75,clear sky
681,Perth,AU,2022-06-23 13:46:59,-31.9333,115.8333,58.33,94,100,6.91,overcast clouds
